/* Generated by assets/generate_logo.py from the unchanged source PNG. */
#define BOOT_LOGO_WIDTH 401
#define BOOT_LOGO_HEIGHT 448
static const unsigned char boot_logo_data[] = {
    0xff,0x00,0xc2,0x00,0x04,0x66,0xaa,0x88,0x55,0x22,0xff,0x00,0xff,0x00,0xff,0x00,0x8b,0x00,0x08,0xaa,
    0xff,0xff,0xee,0xdd,0x99,0x55,0x33,0x11,0xff,0x00,0xff,0x00,0xff,0x00,0x87,0x00,0x00,0xbb,0x85,0xff,
    0x03,0xdd,0xbb,0x66,0x11,0xff,0x00,0xff,0x00,0xff,0x00,0x85,0x00,0x00,0xbb,0x88,0xff,0x04,0xdd,0xbb,
    0x88,0x33,0x11,0xff,0x00,0xff,0x00,0xff,0x00,0x02,0x00,0x00,0xcc,0x8b,0xff,0x04,0xee,0xcc,0x88,0x33,
    0x11,0xff,0x00,0xff,0x00,0xfe,0x00,0x00,0xcc,0x8e,0xff,0x04,0xee,0xcc,0x88,0x44,0x22,0xff,0x00,0xff,
    0x00,0xfb,0x00,0x00,0xcc,0x92,0xff,0x03,0xdd,0x88,0x44,0x11,0xff,0x00,0xff,0x00,0xf8,0x00,0x00,0xcc,
    0x84,0xff,0x00,0xee,0x8f,0xff,0x03,0xdd,0x99,0x44,0x22,0xff,0x00,0xff,0x00,0xf5,0x00,0x00,0xbb,0x83,
    0xff,0x05,0xdd,0x33,0x55,0x99,0xbb,0xee,0x8e,0xff,0x03,0xdd,0x99,0x44,0x11,0xff,0x00,0xff,0x00,0xf2,
    0x00,0x00,0xbb,0x83,0xff,0x08,0xcc,0x11,0x00,0x00,0x22,0x44,0x88,0xbb,0xee,0x8e,0xff,0x02,0xcc,0x99,
    0x44,0xff,0x00,0xff,0x00,0xf0,0x00,0x00,0xbb,0x83,0xff,0x03,0xbb,0x11,0x00,0x11,0x82,0x00,0x04,0x11,
    0x22,0x66,0xaa,0xdd,0x8e,0xff,0x03,0xcc,0x99,0x55,0x11,0xff,0x00,0xff,0x00,0xec,0x00,0x00,0xbb,0x83,
    0xff,0x00,0xbb,0x82,0x00,0x00,0x11,0x85,0x00,0x03,0x33,0x77,0xaa,0xdd,0x8e,0xff,0x02,0xbb,0x77,0x33,
    0xff,0x00,0xff,0x00,0xea,0x00,0x00,0xbb,0x83,0xff,0x00,0xbb,0x8b,0x00,0x04,0x11,0x22,0x66,0xaa,0xdd,
    0x8d,0xff,0x07,0xee,0xcc,0x88,0x44,0x11,0x00,0x00,0x11,0xff,0x00,0xff,0x00,0xe3,0x00,0x00,0xbb,0x83,
    0xff,0x00,0xbb,0x8a,0x00,0x82,0x11,0x05,0x00,0x00,0x22,0x55,0xaa,0xdd,0x8d,0xff,0x03,0xee,0xaa,0x66,
    0x22,0xff,0x00,0xff,0x00,0xe4,0x00,0x00,0xbb,0x83,0xff,0x00,0xbb,0x92,0x00,0x03,0x22,0x55,0x99,0xdd,
    0x8d,0xff,0x03,0xdd,0x99,0x55,0x11,0xff,0x00,0xff,0x00,0xe1,0x00,0x00,0xbb,0x83,0xff,0x00,0xbb,0x95,
    0x00,0x03,0x11,0x55,0xaa,0xee,0x8d,0xff,0x02,0xbb,0x77,0x33,0xff,0x00,0xff,0x00,0xdf,0x00,0x00,0xbb,
    0x83,0xff,0x00,0xbb,0x94,0x00,0x00,0x11,0x82,0x00,0x03,0x22,0x66,0xaa,0xee,0x8c,0xff,0x04,0xee,0xaa,
    0x88,0x44,0x11,0xff,0x00,0xff,0x00,0xdb,0x00,0x00,0xbb,0x83,0xff,0x00,0xbb,0x9b,0x00,0x03,0x22,0x77,
    0xaa,0xee,0x8c,0xff,0x03,0xee,0x99,0x55,0x11,0xff,0x00,0xff,0x00,0xd9,0x00,0x00,0xbb,0x83,0xff,0x00,
    0xbb,0x9c,0x00,0x05,0x11,0x11,0x44,0x88,0xbb,0xee,0x8c,0xff,0x02,0xdd,0x77,0x22,0xff,0x00,0xff,0x00,
    0xd6,0x00,0x01,0x11,0xbb,0x83,0xff,0x00,0xbb,0xa1,0x00,0x03,0x33,0x88,0xbb,0xee,0x8b,0xff,0x03,0xee,
    0xbb,0x66,0x11,0xff,0x00,0xff,0x00,0xcb,0x00,0x04,0x22,0x44,0x55,0x66,0x77,0x82,0x99,0x01,0xbb,0xee,
    0x83,0xff,0x00,0xbb,0xa3,0x00,0x03,0x11,0x55,0x99,0xdd,0x8c,0xff,0x03,0xdd,0x99,0x44,0x11,0xff,0x00,
    0xff,0x00,0xc3,0x00,0x05,0x11,0x33,0x55,0x88,0xbb,0xdd,0x8c,0xff,0x00,0xbb,0xa6,0x00,0x03,0x22,0x55,
    0xbb,0xee,0x8c,0xff,0x02,0xcc,0x66,0x22,0xff,0x00,0xff,0x00,0xbe,0x00,0x03,0x33,0x77,0xbb,0xcc,0x91,
    0xff,0x00,0xbb,0xa8,0x00,0x03,0x11,0x55,0x77,0xbb,0x8c,0xff,0x02,0xee,0x88,0x44,0xff,0x00,0xff,0x00,
    0xb8,0x00,0x04,0x11,0x33,0x66,0xbb,0xee,0x94,0xff,0x00,0xbb,0xa6,0x00,0x00,0x11,0x84,0x00,0x02,0x44,
    0x99,0xee,0x8c,0xff,0x02,0xbb,0x55,0x22,0xff,0x00,0xff,0x00,0xb3,0x00,0x03,0x11,0x55,0xaa,0xee,0x97,
    0xff,0x00,0xbb,0xae,0x00,0x03,0x33,0x77,0xbb,0xee,0x8b,0xff,0x02,0xdd,0xaa,0x44,0xff,0x00,0xff,0x00,
    0xaf,0x00,0x02,0x11,0x55,0xbb,0x9a,0xff,0x00,0xbb,0xad,0x00,0x06,0x11,0x00,0x00,0x11,0x33,0x77,0xdd,
    0x8c,0xff,0x02,0xcc,0x88,0x22,0x82,0x00,0x00,0x11,0xff,0x00,0xff,0x00,0xa7,0x00,0x01,0x55,0xbb,0x9c,
    0xff,0x00,0xbb,0xb3,0x00,0x02,0x22,0x66,0xcc,0x8c,0xff,0x02,0xcc,0x88,0x33,0xff,0x00,0xff,0x00,0xa7,
    0x00,0x01,0x44,0xbb,0x9e,0xff,0x00,0xbb,0xb5,0x00,0x03,0x11,0x44,0x99,0xee,0x8b,0xff,0x02,0xee,0xaa,
    0x44,0xff,0x00,0xff,0x00,0xa3,0x00,0x02,0x22,0x77,0xee,0x9f,0xff,0x00,0xbb,0xb8,0x00,0x03,0x22,0x55,
    0xaa,0xee,0x8b,0xff,0x02,0xbb,0x66,0x33,0xff,0x00,0xff,0x00,0x9f,0x00,0x01,0x11,0x99,0x9a,0xff,0x01,
    0xee,0xee,0x84,0xff,0x00,0xbb,0xba,0x00,0x01,0x11,0xbb,0x8d,0xff,0x02,0xdd,0x77,0x22,0xff,0x00,0xff,
    0x00,0x9c,0x00,0x01,0x33,0xcc,0x94,0xff,0x09,0xdd,0xbb,0xaa,0x88,0x77,0x55,0x55,0x33,0x33,0xcc,0x83,
    0xff,0x00,0xbb,0xba,0x00,0x00,0x55,0x90,0xff,0x03,0xee,0xbb,0x55,0x11,0x82,0x00,0x01,0x11,0x11,0xff,
    0x00,0xff,0x00,0x93,0x00,0x01,0x44,0xcc,0x91,0xff,0x04,0xdd,0xaa,0x88,0x66,0x22,0x87,0x00,0x00,0xbb,
    0x83,0xff,0x00,0xbb,0xba,0x00,0x00,0xaa,0x84,0xff,0x02,0xdd,0xaa,0xee,0x8b,0xff,0x05,0xbb,0x66,0x22,
    0x00,0x11,0x11,0xff,0x00,0xff,0x00,0x92,0x00,0x01,0x44,0xee,0x8f,0xff,0x03,0xdd,0x88,0x66,0x22,0x8b,
    0x00,0x00,0xbb,0x83,0xff,0x00,0xbb,0xb9,0x00,0x00,0x55,0x85,0xff,0x04,0x88,0x00,0x33,0x88,0xdd,0x8b,
    0xff,0x05,0xdd,0x99,0x33,0x11,0x00,0x11,0xff,0x00,0xff,0x00,0x8f,0x00,0x01,0x22,0xcc,0x8e,0xff,0x02,
    0xbb,0x77,0x33,0x8e,0x00,0x00,0xbb,0x83,0xff,0x00,0xbb,0xb8,0x00,0x01,0x11,0xbb,0x84,0xff,0x01,0xdd,
    0x22,0x82,0x00,0x03,0x22,0x55,0xbb,0xee,0x8a,0xff,0x02,0xdd,0x88,0x44,0xff,0x00,0xff,0x00,0x90,0x00,
    0x00,0xaa,0x8d,0xff,0x02,0xaa,0x55,0x11,0x90,0x00,0x00,0xbb,0x83,0xff,0x00,0xbb,0xb8,0x00,0x00,0x55,
    0x85,0xff,0x00,0x77,0x82,0x00,0x06,0x11,0x00,0x00,0x11,0x55,0x99,0xee,0x8a,0xff,0x02,0xee,0xaa,0x44,
    0xff,0x00,0xff,0x00,0x8d,0x00,0x00,0x66,0x8c,0xff,0x01,0xbb,0x55,0x93,0x00,0x00,0xbb,0x83,0xff,0x00,
    0xbb,0xb7,0x00,0x01,0x11,0xbb,0x84,0xff,0x01,0xcc,0x22,0x88,0x00,0x02,0x33,0x88,0xdd,0x8a,0xff,0x03,
    0xee,0xaa,0x55,0x11,0xff,0x00,0xff,0x00,0x89,0x00,0x01,0x33,0xdd,0x8a,0xff,0x05,0xee,0x88,0x22,0x00,
    0x00,0x11,0x91,0x00,0x00,0xbb,0x83,0xff,0x00,0xbb,0xb7,0x00,0x00,0x55,0x85,0xff,0x00,0x77,0x8b,0x00,
    0x02,0x22,0x66,0xbb,0x8b,0xff,0x02,0xbb,0x55,0x11,0xff,0x00,0xff,0x00,0x87,0x00,0x00,0x99,0x8a,0xff,
    0x02,0xdd,0x55,0x11,0x95,0x00,0x00,0xbb,0x83,0xff,0x00,0xbb,0xb7,0x00,0x00,0xbb,0x84,0xff,0x01,0xcc,
    0x22,0x8e,0x00,0x02,0x55,0xaa,0xee,0x8a,0xff,0x05,0xcc,0x88,0x33,0x00,0x00,0x11,0xff,0x00,0xff,0x00,
    0x03,0x00,0x00,0x33,0xee,0x89,0xff,0x04,0xcc,0x22,0x00,0x11,0x11,0x94,0x00,0x00,0xbb,0x83,0xff,0x00,
    0xbb,0xb6,0x00,0x01,0x44,0xee,0x84,0xff,0x00,0x77,0x90,0x00,0x03,0x11,0x44,0xaa,0xee,0x8a,0xff,0x03,
    0xee,0x88,0x22,0x11,0xff,0x00,0xff,0x00,0x02,0x00,0x00,0x88,0x89,0xff,0x02,0xdd,0x33,0x11,0x97,0x00,
    0x00,0xbb,0x83,0xff,0x02,0xbb,0x00,0x11,0xb4,0x00,0x00,0xaa,0x84,0xff,0x01,0xcc,0x11,0x93,0x00,0x02,
    0x22,0x88,0xdd,0x8a,0xff,0x02,0xdd,0x88,0x44,0xff,0x00,0xff,0x00,0x01,0x11,0xcc,0x88,0xff,0x04,0xee,
    0x44,0x00,0x11,0x11,0x96,0x00,0x00,0xbb,0x83,0xff,0x00,0xbb,0xb5,0x00,0x01,0x44,0xee,0x84,0xff,0x02,
    0x66,0x00,0x11,0x93,0x00,0x03,0x11,0x22,0x66,0xcc,0x8a,0xff,0x02,0xee,0xaa,0x22,0xff,0x00,0xfd,0x00,
    0x00,0x44,0x89,0xff,0x00,0x88,0x9a,0x00,0x00,0xbb,0x83,0xff,0x00,0xbb,0xb4,0x00,0x01,0x11,0xcc,0x84,
    0xff,0x01,0xcc,0x11,0x94,0x00,0x07,0x11,0x11,0x00,0x00,0x22,0x55,0xaa,0xee,0x89,0xff,0x03,0xdd,0xaa,
    0x44,0x11,0xff,0x00,0xfa,0x00,0x00,0x77,0x88,0xff,0x01,0xee,0x22,0x9a,0x00,0x00,0xbb,0x83,0xff,0x01,
    0xbb,0x11,0xb3,0x00,0x00,0x44,0x85,0xff,0x00,0x77,0x9b,0x00,0x02,0x11,0x55,0xbb,0x8a,0xff,0x03,0xee,
    0xaa,0x44,0x11,0xff,0x00,0xf8,0x00,0x00,0x99,0x88,0xff,0x00,0x99,0x9b,0x00,0x00,0xbb,0x83,0xff,0x01,
    0xcc,0x11,0xb3,0x00,0x00,0x99,0x84,0xff,0x01,0xdd,0x33,0x9b,0x00,0x04,0x11,0x00,0x11,0x44,0xaa,0x8a,
    0xff,0x03,0xee,0x99,0x33,0x11,0xff,0x00,0xf6,0x00,0x00,0xaa,0x88,0xff,0x00,0x44,0x9b,0x00,0x00,0xbb,
    0x83,0xff,0x01,0xcc,0x22,0xb2,0x00,0x01,0x22,0xdd,0x84,0xff,0x00,0x88,0xa0,0x00,0x03,0x11,0x44,0x99,
    0xee,0x89,0xff,0x02,0xee,0xbb,0x55,0xff,0x00,0xf5,0x00,0x00,0xbb,0x87,0xff,0x01,0xdd,0x22,0x9b,0x00,
    0x00,0xbb,0x83,0xff,0x01,0xcc,0x22,0xb2,0x00,0x00,0x88,0x84,0xff,0x01,0xee,0x22,0xa2,0x00,0x03,0x11,
    0x33,0x88,0xee,0x8a,0xff,0x01,0x99,0x33,0x82,0x00,0x00,0x11,0xff,0x00,0xef,0x00,0x00,0xcc,0x87,0xff,
    0x01,0xdd,0x22,0x9b,0x00,0x00,0xbb,0x83,0xff,0x01,0xcc,0x22,0xb1,0x00,0x01,0x22,0xdd,0x84,0xff,0x00,
    0x88,0xa6,0x00,0x02,0x44,0x99,0xee,0x89,0xff,0x05,0xee,0xaa,0x44,0x00,0x11,0x11,0xff,0x00,0xed,0x00,
    0x01,0x11,0xcc,0x87,0xff,0x01,0xdd,0x11,0x9b,0x00,0x00,0xbb,0x83,0xff,0x01,0xcc,0x11,0xb0,0x00,0x01,
    0x11,0x77,0x84,0xff,0x01,0xee,0x33,0xa8,0x00,0x02,0x33,0x77,0xdd,0x89,0xff,0x02,0xee,0x88,0x33,0xff,
    0x00,0xee,0x00,0x01,0x11,0xdd,0x87,0xff,0x01,0xdd,0x11,0x9b,0x00,0x00,0xbb,0x83,0xff,0x01,0xcc,0x11,
    0xb0,0x00,0x01,0x22,0xcc,0x84,0xff,0x00,0x99,0xaa,0x00,0x03,0x11,0x22,0x88,0xdd,0x89,0xff,0x02,0xee,
    0x88,0x22,0xff,0x00,0xec,0x00,0x01,0x22,0xdd,0x87,0xff,0x01,0xcc,0x11,0x9b,0x00,0x00,0xbb,0x83,0xff,
    0x01,0xcc,0x11,0xb0,0x00,0x00,0x77,0x84,0xff,0x01,0xee,0x33,0xad,0x00,0x02,0x33,0x99,0xee,0x89,0xff,
    0x02,0xdd,0x88,0x11,0xff,0x00,0xea,0x00,0x01,0x11,0xdd,0x87,0xff,0x00,0xcc,0x9c,0x00,0x00,0xbb,0x83,
    0xff,0x01,0xcc,0x11,0xaf,0x00,0x01,0x11,0xcc,0x84,0xff,0x00,0xaa,0xaf,0x00,0x03,0x11,0x33,0x99,0xdd,
    0x89,0xff,0x02,0xdd,0x88,0x22,0xff,0x00,0xe8,0x00,0x01,0x22,0xdd,0x87,0xff,0x00,0xbb,0x9c,0x00,0x00,
    0xbb,0x83,0xff,0x01,0xcc,0x11,0xaf,0x00,0x00,0x66,0x84,0xff,0x01,0xee,0x44,0xb2,0x00,0x02,0x33,0x88,
    0xdd,0x89,0xff,0x02,0xdd,0x88,0x11,0xff,0x00,0xe6,0x00,0x01,0x22,0xee,0x87,0xff,0x00,0xaa,0x9c,0x00,
    0x00,0xbb,0x83,0xff,0x01,0xcc,0x11,0xae,0x00,0x01,0x11,0xbb,0x84,0xff,0x00,0xbb,0xb4,0x00,0x03,0x11,
    0x44,0x88,0xdd,0x89,0xff,0x02,0xcc,0x66,0x11,0xff,0x00,0xe4,0x00,0x01,0x22,0xee,0x87,0xff,0x00,0x99,
    0x9c,0x00,0x00,0xbb,0x83,0xff,0x01,0xcc,0x11,0xae,0x00,0x00,0x55,0x85,0xff,0x00,0x66,0xb7,0x00,0x02,
    0x33,0x99,0xee,0x89,0xff,0x01,0xbb,0x55,0xff,0x00,0xe3,0x00,0x01,0x33,0xee,0x87,0xff,0x00,0x99,0x9c,
    0x00,0x00,0xbb,0x83,0xff,0x01,0xcc,0x11,0xad,0x00,0x01,0x11,0x99,0x84,0xff,0x01,0xbb,0x11,0xb9,0x00,
    0x02,0x44,0xaa,0xee,0x89,0xff,0x01,0xaa,0x44,0xff,0x00,0xe1,0x00,0x01,0x33,0xee,0x87,0xff,0x00,0x99,
    0x9c,0x00,0x00,0xbb,0x83,0xff,0x01,0xcc,0x11,0xad,0x00,0x01,0x33,0xdd,0x84,0xff,0x02,0x66,0x00,0x11,
    0xba,0x00,0x01,0x33,0x99,0x89,0xff,0x02,0xee,0xaa,0x33,0xff,0x00,0xdf,0x00,0x00,0x33,0x88,0xff,0x00,
    0x99,0x9c,0x00,0x00,0xbb,0x83,0xff,0x01,0xcc,0x11,0xad,0x00,0x00,0x66,0x84,0xff,0x01,0xdd,0x22,0xba,
    0x00,0x05,0x11,0x11,0x00,0x00,0x55,0xbb,0x89,0xff,0x02,0xee,0x77,0x22,0xff,0x00,0xdd,0x00,0x00,0x44,
    0x88,0xff,0x00,0x99,0x9c,0x00,0x00,0xbb,0x83,0xff,0x01,0xcc,0x11,0xac,0x00,0x01,0x11,0xcc,0x84,0xff,
    0x01,0x99,0x11,0xbf,0x00,0x02,0x11,0x66,0xcc,0x89,0xff,0x02,0xdd,0x66,0x11,0xff,0x00,0xdb,0x00,0x00,
    0x44,0x88,0xff,0x00,0x99,0x9c,0x00,0x00,0xbb,0x83,0xff,0x01,0xcc,0x11,0xac,0x00,0x00,0x44,0x84,0xff,
    0x01,0xee,0x44,0xc2,0x00,0x01,0x11,0x77,0x8a,0xff,0x01,0xbb,0x55,0xff,0x00,0xda,0x00,0x00,0x44,0x88,
    0xff,0x00,0x88,0x9c,0x00,0x00,0xbb,0x83,0xff,0x01,0xcc,0x11,0xac,0x00,0x00,0xaa,0x84,0xff,0x01,0xaa,
    0x11,0xc3,0x00,0x00,0x88,0x8c,0xff,0x04,0xaa,0x33,0x00,0x00,0x11,0xff,0x00,0xd5,0x00,0x00,0x55,0x88,
    0xff,0x00,0x88,0x9c,0x00,0x00,0xbb,0x83,0xff,0x01,0xcc,0x11,0xab,0x00,0x01,0x33,0xee,0x84,0xff,0x00,
    0x66,0xc3,0x00,0x01,0x33,0xee,0x8d,0xff,0x02,0xee,0x88,0x11,0xff,0x00,0xd6,0x00,0x00,0x55,0x88,0xff,
    0x00,0x77,0x9c,0x00,0x00,0xbb,0x83,0xff,0x01,0xcc,0x11,0xa9,0x00,0x02,0x11,0x00,0x88,0x84,0xff,0x01,
    0xdd,0x22,0xc3,0x00,0x00,0x99,0x84,0xff,0x01,0xee,0xbb,0x89,0xff,0x01,0xcc,0x55,0xff,0x00,0xd5,0x00,
    0x00,0x66,0x88,0xff,0x00,0x66,0x9c,0x00,0x00,0xbb,0x83,0xff,0x01,0xcc,0x11,0xaa,0x00,0x01,0x22,0xdd,
    0x84,0xff,0x00,0x88,0xc3,0x00,0x01,0x44,0xee,0x84,0xff,0x03,0x88,0x00,0x55,0xcc,0x89,0xff,0x01,0xbb,
    0x44,0xff,0x00,0xd3,0x00,0x00,0x66,0x88,0xff,0x00,0x66,0x9c,0x00,0x00,0xbb,0x83,0xff,0x01,0xcc,0x11,
    0xaa,0x00,0x00,0x66,0x84,0xff,0x01,0xee,0x33,0xc2,0x00,0x01,0x11,0xaa,0x84,0xff,0x06,0xdd,0x22,0x00,
    0x00,0x11,0x55,0xcc,0x88,0xff,0x05,0xee,0x99,0x33,0x00,0x00,0x11,0xff,0x00,0xce,0x00,0x00,0x66,0x88,
    0xff,0x00,0x55,0x9c,0x00,0x00,0xbb,0x83,0xff,0x01,0xcc,0x11,0xa9,0x00,0x01,0x11,0xbb,0x84,0xff,0x00,
    0x99,0xc3,0x00,0x01,0x55,0xee,0x84,0xff,0x00,0x88,0x84,0x00,0x02,0x22,0x88,0xee,0x88,0xff,0x02,0xdd,
    0x77,0x22,0xff,0x00,0xcd,0x00,0x02,0x11,0x00,0x77,0x88,0xff,0x00,0x55,0x9c,0x00,0x00,0xbb,0x83,0xff,
    0x01,0xcc,0x11,0xa9,0x00,0x00,0x66,0x85,0xff,0x00,0x44,0xc2,0x00,0x01,0x11,0xaa,0x84,0xff,0x01,0xcc,
    0x22,0x86,0x00,0x02,0x33,0x99,0xee,0x88,0xff,0x02,0xcc,0x55,0x11,0xff,0x00,0xcb,0x00,0x02,0x11,0x00,
    0x88,0x88,0xff,0x00,0x55,0x9c,0x00,0x00,0xbb,0x83,0xff,0x01,0xcc,0x11,0xa8,0x00,0x01,0x11,0x99,0x84,
    0xff,0x00,0xbb,0xc3,0x00,0x00,0x44,0x85,0xff,0x02,0x66,0x00,0x11,0x86,0x00,0x02,0x11,0x44,0xaa,0x89,
    0xff,0x01,0xbb,0x33,0xff,0x00,0xca,0x00,0x02,0x11,0x00,0x88,0x88,0xff,0x00,0x55,0x9c,0x00,0x00,0xbb,
    0x83,0xff,0x01,0xcc,0x11,0xa8,0x00,0x01,0x22,0xbb,0x84,0xff,0x00,0x77,0xc3,0x00,0x00,0xaa,0x84,0xff,
    0x01,0xdd,0x11,0x8a,0x00,0x02,0x11,0x66,0xdd,0x88,0xff,0x02,0xee,0x88,0x11,0xff,0x00,0xca,0x00,0x00,
    0x88,0x88,0xff,0x00,0x44,0x9c,0x00,0x00,0xbb,0x83,0xff,0x01,0xcc,0x11,0xa8,0x00,0x00,0x66,0x84,0xff,
    0x01,0xdd,0x33,0xc2,0x00,0x00,0x55,0x85,0xff,0x00,0x77,0x8d,0x00,0x02,0x11,0x88,0xee,0x88,0xff,0x02,
    0xbb,0x44,0x11,0xff,0x00,0xc8,0x00,0x00,0x88,0x88,0xff,0x00,0x44,0x9c,0x00,0x00,0xbb,0x83,0xff,0x01,
    0xcc,0x22,0xa7,0x00,0x01,0x11,0xaa,0x84,0xff,0x00,0x99,0xc2,0x00,0x01,0x11,0xbb,0x84,0xff,0x01,0xcc,
    0x11,0x8f,0x00,0x01,0x44,0xaa,0x88,0xff,0x02,0xee,0xaa,0x33,0xff,0x00,0xc7,0x00,0x00,0xaa,0x87,0xff,
    0x01,0xee,0x33,0x9c,0x00,0x00,0xbb,0x83,0xff,0x01,0xcc,0x11,0xa7,0x00,0x01,0x33,0xee,0x84,0xff,0x00,
    0x44,0xc2,0x00,0x00,0x44,0x85,0xff,0x00,0x66,0x92,0x00,0x01,0x55,0xcc,0x88,0xff,0x02,0xdd,0x77,0x11,
    0xff,0x00,0xc4,0x00,0x01,0x11,0xbb,0x87,0xff,0x01,0xee,0x22,0x9c,0x00,0x00,0xbb,0x83,0xff,0x01,0xcc,
    0x11,0xa7,0x00,0x00,0x88,0x84,0xff,0x01,0xbb,0x11,0xc2,0x00,0x00,0x99,0x84,0xff,0x01,0xcc,0x11,0x93,
    0x00,0x02,0x11,0x66,0xdd,0x88,0xff,0x01,0xcc,0x55,0xff,0x00,0xc3,0x00,0x01,0x11,0xbb,0x87,0xff,0x01,
    0xee,0x22,0x9c,0x00,0x00,0xbb,0x83,0xff,0x01,0xcc,0x22,0xa6,0x00,0x01,0x11,0xdd,0x84,0xff,0x00,0x77,
    0xc2,0x00,0x01,0x33,0xee,0x84,0xff,0x02,0x77,0x00,0x11,0x94,0x00,0x02,0x22,0x88,0xee,0x87,0xff,0x02,
    0xee,0x99,0x33,0xff,0x00,0xc1,0x00,0x01,0x11,0xbb,0x87,0xff,0x01,0xee,0x22,0x9c,0x00,0x00,0xbb,0x83,
    0xff,0x01,0xcc,0x22,0xa6,0x00,0x00,0x55,0x84,0xff,0x01,0xee,0x33,0xc2,0x00,0x00,0x99,0x84,0xff,0x03,
    0xdd,0x22,0x00,0x11,0x95,0x00,0x02,0x11,0x33,0xbb,0x88,0xff,0x02,0xdd,0x88,0x11,0xff,0x00,0xc0,0x00,
    0x00,0xcc,0x87,0xff,0x01,0xee,0x22,0x9c,0x00,0x00,0xbb,0x83,0xff,0x01,0xcc,0x11,0xa6,0x00,0x00,0xaa,
    0x84,0xff,0x00,0xaa,0xc2,0x00,0x01,0x44,0xee,0x84,0xff,0x00,0x88,0x97,0x00,0x05,0x11,0x00,0x00,0x11,
    0x66,0xdd,0x88,0xff,0x01,0xaa,0x44,0xff,0x00,0xbe,0x00,0x01,0x11,0xcc,0x87,0xff,0x01,0xee,0x33,0x9c,
    0x00,0x00,0xbb,0x83,0xff,0x01,0xcc,0x11,0xa5,0x00,0x01,0x33,0xdd,0x84,0xff,0x00,0x55,0xc1,0x00,0x01,
    0x11,0x99,0x84,0xff,0x01,0xdd,0x22,0x9c,0x00,0x02,0x22,0xaa,0xee,0x87,0xff,0x05,0xee,0x88,0x33,0x00,
    0x11,0x11,0xff,0x00,0xb9,0x00,0x01,0x11,0xcc,0x87,0xff,0x01,0xee,0x22,0x9c,0x00,0x00,0xbb,0x83,0xff,
    0x01,0xcc,0x11,0xa5,0x00,0x00,0x66,0x84,0xff,0x01,0xcc,0x22,0xc1,0x00,0x01,0x22,0xdd,0x84,0xff,0x02,
    0x77,0x00,0x11,0x9a,0x00,0x04,0x11,0x00,0x00,0x44,0xbb,0x88,0xff,0x05,0xdd,0x66,0x11,0x00,0x00,0x11,
    0xff,0x00,0xb7,0x00,0x01,0x11,0xcc,0x87,0xff,0x01,0xdd,0x22,0x9c,0x00,0x00,0xbb,0x83,0xff,0x01,0xcc,
    0x22,0xa5,0x00,0x00,0xaa,0x84,0xff,0x00,0x77,0xc2,0x00,0x00,0x77,0x84,0xff,0x03,0xee,0x33,0x00,0x11,
    0x9e,0x00,0x02,0x11,0x66,0xcc,0x88,0xff,0x01,0xaa,0x22,0xff,0x00,0xb9,0x00,0x01,0x11,0xdd,0x87,0xff,
    0x01,0xdd,0x11,0x9c,0x00,0x00,0xbb,0x83,0xff,0x01,0xcc,0x11,0xa4,0x00,0x01,0x22,0xee,0x84,0xff,0x00,
    0x44,0xc1,0x00,0x01,0x22,0xcc,0x84,0xff,0x00,0x99,0xa3,0x00,0x02,0x11,0x99,0xee,0x87,0xff,0x02,0xdd,
    0x77,0x11,0xff,0x00,0xb7,0x00,0x01,0x11,0xdd,0x87,0xff,0x01,0xcc,0x11,0x9c,0x00,0x00,0xbb,0x83,0xff,
    0x01,0xcc,0x11,0xa4,0x00,0x00,0x77,0x84,0xff,0x01,0xcc,0x11,0xc1,0x00,0x00,0x66,0x84,0xff,0x02,0xdd,
    0x22,0x11,0xa4,0x00,0x01,0x44,0xbb,0x88,0xff,0x01,0xcc,0x44,0xff,0x00,0xb6,0x00,0x01,0x22,0xee,0x87,
    0xff,0x00,0xcc,0x9d,0x00,0x00,0xbb,0x83,0xff,0x01,0xcc,0x11,0xa3,0x00,0x01,0x11,0xcc,0x84,0xff,0x00,
    0x77,0xc1,0x00,0x01,0x11,0xbb,0x84,0xff,0x02,0x99,0x11,0x11,0xa3,0x00,0x03,0x11,0x00,0x11,0x88,0x89,
    0xff,0x01,0x88,0x11,0xff,0x00,0xb4,0x00,0x01,0x22,0xee,0x87,0xff,0x00,0xcc,0x9d,0x00,0x00,0xbb,0x83,
    0xff,0x01,0xcc,0x11,0xa3,0x00,0x01,0x44,0xee,0x83,0xff,0x01,0xee,0x33,0xc1,0x00,0x00,0x44,0x85,0xff,
    0x00,0x55,0xa9,0x00,0x01,0x44,0xbb,0x88,0xff,0x01,0xcc,0x44,0xff,0x00,0xb3,0x00,0x01,0x33,0xee,0x87,
    0xff,0x00,0xbb,0x9d,0x00,0x00,0xbb,0x83,0xff,0x01,0xcc,0x22,0xa3,0x00,0x00,0x99,0x84,0xff,0x00,0xbb,
    0xc0,0x00,0x02,0x11,0x00,0x99,0x84,0xff,0x01,0xbb,0x11,0xaa,0x00,0x02,0x11,0x66,0xdd,0x87,0xff,0x02,
    0xee,0x99,0x22,0xff,0x00,0xb1,0x00,0x01,0x22,0xee,0x87,0xff,0x00,0xbb,0x9d,0x00,0x00,0xbb,0x83,0xff,
    0x01,0xcc,0x11,0xa2,0x00,0x01,0x33,0xee,0x84,0xff,0x00,0x66,0xbf,0x00,0x03,0x11,0x00,0x33,0xee,0x84,
    0xff,0x00,0x66,0xad,0x00,0x01,0x22,0x99,0x88,0xff,0x02,0xcc,0x66,0x11,0xff,0x00,0xaf,0x00,0x01,0x33,
    0xee,0x87,0xff,0x00,0xbb,0x9d,0x00,0x00,0xbb,0x83,0xff,0x01,0xcc,0x11,0xa2,0x00,0x00,0x55,0x84,0xff,
    0x01,0xdd,0x22,0xbf,0x00,0x02,0x11,0x00,0x99,0x84,0xff,0x01,0xee,0x22,0xac,0x00,0x04,0x11,0x00,0x11,
    0x55,0xbb,0x88,0xff,0x01,0xbb,0x44,0xff,0x00,0xae,0x00,0x00,0x33,0x88,0xff,0x00,0xaa,0x9d,0x00,0x00,
    0xbb,0x83,0xff,0x01,0xcc,0x11,0xa2,0x00,0x00,0x88,0x84,0xff,0x01,0x99,0x11,0xc0,0x00,0x01,0x22,0xee,
    0x84,0xff,0x00,0x99,0xae,0x00,0x04,0x11,0x00,0x00,0x11,0x77,0x88,0xff,0x02,0xee,0x55,0x11,0xff,0x00,
    0xac,0x00,0x00,0x44,0x88,0xff,0x00,0xaa,0x9d,0x00,0x00,0xbb,0x83,0xff,0x01,0xcc,0x22,0xa1,0x00,0x01,
    0x22,0xcc,0x84,0xff,0x00,0x55,0xc1,0x00,0x00,0x77,0x84,0xff,0x01,0xdd,0x33,0xb3,0x00,0x01,0x55,0xaa,
    0x88,0xff,0x02,0xcc,0x55,0x11,0xff,0x00,0xaa,0x00,0x00,0x44,0x88,0xff,0x00,0x99,0x9d,0x00,0x00,0xbb,
    0x83,0xff,0x01,0xcc,0x22,0xa1,0x00,0x00,0x55,0x84,0xff,0x01,0xdd,0x11,0xc0,0x00,0x01,0x22,0xbb,0x84,
    0xff,0x01,0xaa,0x11,0xb5,0x00,0x01,0x66,0xee,0x88,0xff,0x01,0x99,0x22,0xff,0x00,0xa9,0x00,0x00,0x55,
    0x88,0xff,0x00,0x88,0x9d,0x00,0x00,0xbb,0x83,0xff,0x01,0xcc,0x11,0xa1,0x00,0x00,0x99,0x84,0xff,0x02,
    0x99,0x00,0x11,0xbf,0x00,0x01,0x44,0xee,0x83,0xff,0x01,0xee,0x44,0xb5,0x00,0x03,0x11,0x00,0x44,0xbb,
    0x88,0xff,0x04,0xbb,0x55,0x00,0x11,0x11,0xff,0x00,0xa5,0x00,0x00,0x55,0x88,0xff,0x00,0x88,0x9d,0x00,
    0x00,0xbb,0x83,0xff,0x01,0xcc,0x11,0xa0,0x00,0x01,0x22,0xcc,0x84,0xff,0x02,0x55,0x00,0x11,0xbe,0x00,
    0x01,0x11,0x99,0x84,0xff,0x00,0xbb,0xb9,0x00,0x02,0x11,0x55,0xdd,0x87,0xff,0x02,0xee,0x77,0x11,0xff,
    0x00,0xa6,0x00,0x00,0x55,0x88,0xff,0x00,0x88,0x9d,0x00,0x00,0xbb,0x83,0xff,0x01,0xcc,0x22,0xa0,0x00,
    0x00,0x66,0x84,0xff,0x01,0xbb,0x11,0xc0,0x00,0x01,0x33,0xee,0x84,0xff,0x00,0x77,0xbb,0x00,0x01,0x33,
    0xaa,0x88,0xff,0x02,0xcc,0x66,0x11,0xff,0x00,0xa4,0x00,0x00,0x66,0x88,0xff,0x00,0x77,0x9d,0x00,0x00,
    0xbb,0x83,0xff,0x01,0xcc,0x11,0xa0,0x00,0x00,0x88,0x84,0xff,0x00,0x99,0xc1,0x00,0x00,0x66,0x84,0xff,
    0x01,0xdd,0x22,0xbc,0x00,0x02,0x11,0x44,0xbb,0x88,0xff,0x01,0x99,0x22,0xff,0x00,0xa3,0x00,0x00,0x66,
    0x88,0xff,0x00,0x77,0x9d,0x00,0x00,0xbb,0x83,0xff,0x01,0xcc,0x11,0x9f,0x00,0x01,0x11,0xcc,0x84,0xff,
    0x00,0x66,0xc0,0x00,0x01,0x11,0xbb,0x84,0xff,0x00,0x88,0xbf,0x00,0x02,0x11,0x88,0xee,0x87,0xff,0x01,
    0xdd,0x55,0xff,0x00,0xa2,0x00,0x00,0x77,0x88,0xff,0x00,0x77,0x9d,0x00,0x00,0xbb,0x83,0xff,0x01,0xcc,
    0x11,0x9f,0x00,0x00,0x55,0x84,0xff,0x01,0xcc,0x22,0xc0,0x00,0x00,0x55,0x84,0xff,0x01,0xee,0x44,0xc0,
    0x00,0x02,0x11,0x55,0xcc,0x88,0xff,0x03,0x99,0x22,0x11,0x11,0xff,0x00,0x9e,0x00,0x00,0x77,0x88,0xff,
    0x00,0x66,0x9d,0x00,0x00,0xbb,0x83,0xff,0x01,0xcc,0x11,0x9f,0x00,0x00,0x99,0x84,0xff,0x00,0x88,0xc1,
    0x00,0x00,0xaa,0x84,0xff,0x01,0xbb,0x11,0xc0,0x00,0x04,0x11,0x00,0x33,0x77,0xdd,0x87,0xff,0x01,0xbb,
    0x44,0xff,0x00,0x9f,0x00,0x00,0x88,0x88,0xff,0x00,0x66,0x9d,0x00,0x00,0xcc,0x83,0xff,0x01,0xcc,0x11,
    0x9e,0x00,0x01,0x33,0xdd,0x84,0xff,0x00,0x55,0xc0,0x00,0x01,0x22,0xee,0x84,0xff,0x01,0x77,0x11,0xc4,
    0x00,0x01,0x33,0xbb,0x87,0xff,0x02,0xee,0x99,0x33,0xff,0x00,0x9d,0x00,0x00,0x99,0x88,0xff,0x02,0x55,
    0x00,0x11,0x9b,0x00,0x00,0xbb,0x83,0xff,0x01,0xcc,0x11,0x9e,0x00,0x00,0x66,0x84,0xff,0x01,0xee,0x22,
    0x83,0x00,0x00,0x11,0x85,0x00,0x01,0x11,0x11,0x82,0x00,0x82,0x11,0x98,0x00,0x00,0x11,0x8b,0x00,0x00,
    0x11,0x86,0x00,0x00,0x66,0x84,0xff,0x02,0xdd,0x33,0x11,0x84,0x00,0x84,0x11,0xbb,0x00,0x02,0x11,0x99,
    0xee,0x87,0xff,0x01,0xdd,0x66,0xff,0x00,0x9c,0x00,0x00,0x88,0x88,0xff,0x00,0x55,0x9d,0x00,0x00,0xbb,
    0x83,0xff,0x01,0xdd,0x11,0x9e,0x00,0x00,0x99,0x84,0xff,0x00,0xaa,0xc1,0x00,0x00,0xaa,0x84,0xff,0x00,
    0x99,0xc9,0x00,0x01,0x33,0xbb,0x88,0xff,0x04,0x88,0x22,0x00,0x44,0x88,0x82,0x99,0x83,0xaa,0x82,0x99,
    0x00,0xaa,0x82,0x99,0x83,0xaa,0x86,0x99,0x82,0xaa,0x88,0x99,0x83,0xaa,0x88,0x99,0x82,0xaa,0x82,0x99,
    0x82,0xaa,0x91,0x99,0x01,0xaa,0xaa,0x83,0x99,0x82,0xaa,0x88,0x99,0x01,0xaa,0xaa,0x83,0x99,0x01,0xaa,
    0xaa,0x91,0x99,0x82,0xaa,0x82,0x99,0x83,0xaa,0x87,0x99,0x84,0xaa,0x82,0x99,0x83,0xaa,0x01,0x99,0xdd,
    0x88,0xff,0x00,0xaa,0x83,0x99,0x01,0xaa,0xaa,0x82,0x99,0x82,0xaa,0x82,0x99,0x85,0xaa,0x82,0x99,0x83,
    0xaa,0x02,0x99,0xaa,0xee,0x83,0xff,0x02,0xee,0xaa,0x88,0x9d,0x99,0x00,0xee,0x84,0xff,0x04,0xcc,0x99,
    0x99,0xaa,0xaa,0x91,0x99,0x00,0xaa,0x83,0x99,0x82,0xaa,0x83,0x99,0x01,0xaa,0xaa,0x84,0x99,0x01,0xaa,
    0xaa,0x84,0x99,0x01,0xaa,0xaa,0x83,0x99,0x82,0xaa,0x83,0x99,0x82,0xaa,0x02,0x99,0xaa,0xee,0x84,0xff,
    0x00,0xcc,0x83,0x88,0x89,0x99,0x03,0xaa,0xaa,0x99,0x99,0x82,0xaa,0x00,0x99,0x82,0xaa,0x05,0x99,0x99,
    0xaa,0xaa,0x99,0x99,0x82,0xaa,0x00,0x99,0x82,0xaa,0x01,0x99,0x99,0x82,0xaa,0x00,0x99,0x82,0xaa,0x05,
    0x99,0x99,0xaa,0xaa,0x99,0x99,0x82,0xaa,0x01,0x99,0x99,0x82,0xaa,0x00,0x99,0x82,0xaa,0x05,0x99,0x99,
    0xaa,0xaa,0x99,0x99,0x82,0xaa,0x01,0x88,0xaa,0x89,0xff,0x02,0xbb,0x11,0x99,0xff,0xff,0xff,0xff,0xff,
    0xff,0x8d,0xff,0x02,0xdd,0x22,0x88,0xff,0xff,0xff,0xff,0xff,0xff,0x8d,0xff,0x02,0xdd,0x33,0x99,0xff,
    0xff,0xff,0xff,0xff,0xff,0x8d,0xff,0x02,0xdd,0x33,0xaa,0xff,0xff,0xff,0xff,0xff,0xff,0x8d,0xff,0x02,
    0xdd,0x33,0xaa,0xad,0xff,0x83,0xee,0x89,0xff,0x00,0xee,0x82,0xff,0x82,0xee,0x8a,0xff,0x00,0xee,0x86,
    0xff,0x01,0xee,0xee,0x82,0xff,0x00,0xee,0x82,0xff,0x01,0xee,0xee,0x82,0xff,0x00,0xee,0x82,0xff,0x00,
    0xee,0x83,0xff,0x00,0xee,0x82,0xff,0x00,0xee,0x82,0xff,0x01,0xee,0xee,0x82,0xff,0x00,0xee,0x82,0xff,
    0x01,0xee,0xee,0x82,0xff,0x00,0xee,0x82,0xff,0x00,0xee,0x83,0xff,0x00,0xee,0x82,0xff,0x00,0xee,0x83,
    0xff,0x03,0xee,0xff,0xff,0xee,0x8c,0xff,0x01,0xee,0xee,0x82,0xff,0x00,0xee,0x87,0xff,0x00,0xee,0x82,
    0xff,0x00,0xee,0x83,0xff,0x03,0xee,0xff,0xff,0xee,0xeb,0xff,0x00,0xee,0x9e,0xff,0x00,0xee,0x82,0xff,
    0x00,0xee,0x83,0xff,0x00,0xee,0x8b,0xff,0x00,0xee,0x82,0xff,0x00,0xee,0x8a,0xff,0x00,0xee,0x99,0xff,
    0x02,0xdd,0x33,0xaa,0x84,0xff,0x01,0x88,0x33,0x99,0x44,0x04,0x55,0x55,0x44,0x55,0xdd,0x84,0xff,0x02,
    0x77,0x44,0x44,0x84,0x33,0x00,0x44,0x82,0x33,0x83,0x44,0x03,0x33,0x33,0x44,0x44,0x82,0x33,0x01,0x44,
    0xdd,0x83,0xff,0x08,0xee,0x55,0x55,0x44,0x44,0x33,0x33,0x44,0x44,0x82,0x33,0x00,0x44,0x82,0x33,0x00,
    0x44,0x83,0x33,0x00,0x44,0x82,0x33,0x00,0x44,0x83,0x33,0x00,0x44,0x82,0x33,0x00,0x44,0x83,0x33,0x00,
    0x44,0x82,0x33,0x00,0x44,0x82,0x33,0x00,0x44,0x83,0x33,0x00,0x44,0x82,0x33,0x01,0x44,0x44,0x82,0x33,
    0x00,0x44,0x82,0x33,0x00,0x44,0x83,0x33,0x00,0x44,0x82,0x33,0x00,0x44,0x82,0x33,0x82,0x44,0x00,0xcc,
    0x87,0xff,0x09,0xee,0x66,0x44,0x44,0x33,0x33,0x44,0x44,0x33,0x33,0x82,0x44,0x07,0x33,0x33,0x44,0x44,
    0x33,0x33,0x44,0x44,0x82,0x33,0x03,0x44,0x44,0x33,0x33,0x82,0x44,0x01,0x55,0xdd,0x83,0xff,0x03,0xee,
    0x66,0x33,0x33,0x82,0x44,0x01,0x33,0x33,0x82,0x44,0x02,0x33,0x44,0x44,0x82,0x33,0x83,0x44,0x84,0x33,
    0x83,0x44,0x00,0xee,0x84,0xff,0x00,0x99,0x86,0x44,0x00,0x33,0x82,0x44,0x00,0x33,0x87,0x44,0x82,0x33,
    0x84,0x44,0x83,0x33,0x8c,0x44,0x01,0x33,0x33,0x88,0x44,0x01,0x33,0x33,0x85,0x44,0x01,0x22,0x77,0x84,
    0xff,0x05,0xee,0x55,0x33,0x44,0x44,0x33,0x82,0x44,0x05,0x33,0x33,0x44,0x44,0x33,0x33,0x82,0x44,0x01,
    0x33,0x33,0x83,0x44,0x01,0x33,0x33,0x82,0x44,0x05,0x33,0x33,0x44,0x44,0x33,0x33,0x85,0x44,0x00,0x33,
    0x84,0x44,0x00,0x33,0x82,0x44,0x01,0x33,0x33,0x88,0x44,0x01,0x33,0x33,0x8d,0x44,0x04,0x33,0x33,0x44,
    0x44,0x99,0x86,0xff,0x02,0xdd,0x22,0x99,0x83,0xff,0x01,0xee,0x33,0x9e,0x00,0x00,0xaa,0x83,0xff,0x01,
    0xee,0x33,0x95,0x00,0x01,0x11,0xdd,0x83,0xff,0x01,0xee,0x11,0xce,0x00,0x00,0xbb,0x87,0xff,0x01,0xdd,
    0x11,0x9d,0x00,0x00,0xbb,0x83,0xff,0x01,0xdd,0x11,0x9b,0x00,0x01,0x33,0xee,0x83,0xff,0x01,0xee,0x33,
    0xc0,0x00,0x00,0x88,0x84,0xff,0x00,0xbb,0xcf,0x00,0x01,0x11,0xbb,0x86,0xff,0x02,0xdd,0x22,0x99,0x83,
    0xff,0x01,0xee,0x33,0x9e,0x00,0x00,0xaa,0x84,0xff,0x00,0x33,0x95,0x00,0x01,0x22,0xdd,0x83,0xff,0x01,
    0xee,0x22,0xcd,0x00,0x01,0x11,0xcc,0x87,0xff,0x01,0xdd,0x11,0x9d,0x00,0x00,0xbb,0x83,0xff,0x01,0xdd,
    0x22,0x9b,0x00,0x00,0x66,0x84,0xff,0x01,0xbb,0x11,0xbf,0x00,0x01,0x22,0xdd,0x84,0xff,0x02,0x66,0x00,
    0x11,0xb4,0x00,0x01,0x11,0x11,0x93,0x00,0x03,0x11,0x11,0x00,0x44,0x87,0xff,0x02,0xdd,0x22,0x99,0x83,
    0xff,0x01,0xee,0x33,0x9e,0x00,0x00,0xaa,0x84,0xff,0x00,0x33,0x95,0x00,0x01,0x11,0xdd,0x83,0xff,0x01,
    0xee,0x22,0xcd,0x00,0x01,0x11,0xcc,0x87,0xff,0x01,0xdd,0x11,0x9c,0x00,0x01,0x11,0xcc,0x83,0xff,0x01,
    0xcc,0x22,0x9b,0x00,0x00,0x99,0x84,0xff,0x00,0x88,0xc0,0x00,0x00,0x55,0x84,0xff,0x03,0xee,0x22,0x00,
    0x11,0xcd,0x00,0x00,0x77,0x87,0xff,0x02,0xdd,0x22,0x99,0x84,0xff,0x00,0x44,0x9e,0x00,0x00,0xbb,0x84,
    0xff,0x00,0x33,0x95,0x00,0x01,0x11,0xdd,0x83,0xff,0x01,0xee,0x22,0xcd,0x00,0x01,0x11,0xcc,0x87,0xff,
    0x01,0xdd,0x11,0x9c,0x00,0x01,0x11,0xcc,0x83,0xff,0x01,0xcc,0x22,0x9a,0x00,0x01,0x22,0xdd,0x84,0xff,
    0x00,0x55,0xc0,0x00,0x00,0x99,0x84,0xff,0x00,0x99,0xcd,0x00,0x03,0x11,0x00,0x22,0xdd,0x87,0xff,0x02,
    0xdd,0x22,0x99,0x84,0xff,0x00,0x44,0x9e,0x00,0x00,0xbb,0x84,0xff,0x00,0x33,0x95,0x00,0x01,0x11,0xdd,
    0x83,0xff,0x01,0xee,0x22,0xcd,0x00,0x01,0x11,0xdd,0x87,0xff,0x01,0xcc,0x11,0x9c,0x00,0x01,0x11,0xcc,
    0x83,0xff,0x01,0xcc,0x22,0x9a,0x00,0x00,0x55,0x84,0xff,0x01,0xdd,0x22,0xc0,0x00,0x00,0xcc,0x84,0xff,
    0x00,0x55,0xcf,0x00,0x00,0x88,0x88,0xff,0x02,0xdd,0x22,0x99,0x83,0xff,0x01,0xee,0x33,0x9e,0x00,0x00,
    0xbb,0x83,0xff,0x01,0xee,0x33,0x95,0x00,0x01,0x11,0xdd,0x83,0xff,0x01,0xee,0x22,0xcd,0x00,0x01,0x22,
    0xdd,0x87,0xff,0x01,0xcc,0x11,0x9c,0x00,0x01,0x11,0xcc,0x83,0xff,0x01,0xcc,0x11,0x9a,0x00,0x00,0x99,
    0x84,0xff,0x02,0x88,0x00,0x11,0xbe,0x00,0x00,0x44,0x84,0xff,0x01,0xdd,0x33,0xce,0x00,0x01,0x22,0xdd,
    0x88,0xff,0x02,0xdd,0x22,0x99,0x83,0xff,0x01,0xee,0x33,0x9e,0x00,0x00,0xbb,0x83,0xff,0x01,0xee,0x33,
    0x95,0x00,0x01,0x11,0xdd,0x83,0xff,0x01,0xee,0x22,0xcd,0x00,0x01,0x22,0xee,0x87,0xff,0x00,0xbb,0x9d,
    0x00,0x01,0x11,0xcc,0x83,0xff,0x01,0xcc,0x11,0x99,0x00,0x01,0x11,0xbb,0x84,0xff,0x00,0x55,0x84,0x00,
    0x00,0x11,0xba,0x00,0x00,0x99,0x84,0xff,0x00,0x99,0x9b,0x00,0x01,0x11,0x33,0x83,0x44,0x01,0x33,0x22,
    0xab,0x00,0x00,0x55,0x89,0xff,0x02,0xdd,0x22,0x99,0x84,0xff,0x00,0x44,0x9e,0x00,0x00,0xbb,0x84,0xff,
    0x00,0x33,0x95,0x00,0x01,0x11,0xcc,0x83,0xff,0x01,0xee,0x33,0xcd,0x00,0x01,0x11,0xee,0x87,0xff,0x00,
    0xbb,0x9d,0x00,0x01,0x11,0xcc,0x83,0xff,0x01,0xdd,0x11,0x99,0x00,0x01,0x33,0xee,0x83,0xff,0x01,0xee,
    0x33,0xbf,0x00,0x01,0x22,0xdd,0x84,0xff,0x00,0x55,0x98,0x00,0x04,0x33,0x88,0xcc,0xdd,0xee,0x83,0xff,
    0x08,0xee,0xee,0xbb,0x66,0x44,0x11,0x00,0x11,0x11,0xa4,0x00,0x00,0xaa,0x89,0xff,0x02,0xdd,0x22,0x99,
    0x84,0xff,0x00,0x44,0x9e,0x00,0x00,0xbb,0x84,0xff,0x00,0x33,0x96,0x00,0x00,0xcc,0x83,0xff,0x01,0xee,
    0x33,0xcd,0x00,0x01,0x22,0xee,0x87,0xff,0x00,0xbb,0x9d,0x00,0x01,0x11,0xcc,0x83,0xff,0x01,0xdd,0x11,
    0x99,0x00,0x00,0x55,0x84,0xff,0x01,0xbb,0x11,0xbf,0x00,0x01,0x55,0xee,0x83,0xff,0x01,0xdd,0x22,0x96,
    0x00,0x02,0x44,0xaa,0xee,0x8b,0xff,0x04,0xee,0xaa,0x44,0x00,0x11,0xa1,0x00,0x03,0x11,0x00,0x33,0xee,
    0x89,0xff,0x02,0xdd,0x22,0x99,0x84,0xff,0x00,0x44,0x9e,0x00,0x00,0xbb,0x84,0xff,0x00,0x33,0x96,0x00,
    0x00,0xbb,0x84,0xff,0x00,0x44,0xcd,0x00,0x01,0x22,0xee,0x87,0xff,0x00,0xbb,0x9d,0x00,0x01,0x11,0xcc,
    0x83,0xff,0x01,0xdd,0x11,0x99,0x00,0x00,0x99,0x84,0xff,0x00,0x77,0xc0,0x00,0x00,0x99,0x84,0xff,0x00,
    0xaa,0x95,0x00,0x02,0x11,0x77,0xee,0x8f,0xff,0x02,0xdd,0x77,0x11,0xa1,0x00,0x02,0x11,0x00,0x99,0x84,
    0xff,0x01,0xee,0xee,0x83,0xff,0x02,0xdd,0x22,0x99,0x83,0xff,0x01,0xee,0x33,0x9e,0x00,0x00,0xbb,0x84,
    0xff,0x00,0x33,0x94,0x00,0x02,0x11,0x00,0x99,0x84,0xff,0x00,0x55,0xcd,0x00,0x00,0x33,0x88,0xff,0x00,
    0xaa,0x9d,0x00,0x01,0x11,0xbb,0x83,0xff,0x01,0xdd,0x11,0x98,0x00,0x01,0x11,0xdd,0x83,0xff,0x01,0xee,
    0x44,0xbf,0x00,0x01,0x22,0xdd,0x84,0xff,0x02,0x66,0x00,0x11,0x92,0x00,0x01,0x44,0xcc,0x86,0xff,0x00,
    0xee,0x82,0xbb,0x01,0xcc,0xdd,0x86,0xff,0x01,0xbb,0x33,0xa1,0x00,0x01,0x33,0xee,0x84,0xff,0x01,0x99,
    0xbb,0x83,0xff,0x02,0xdd,0x22,0x99,0x83,0xff,0x01,0xee,0x33,0x9e,0x00,0x00,0xbb,0x84,0xff,0x00,0x33,
    0x94,0x00,0x02,0x11,0x00,0x88,0x84,0xff,0x00,0x66,0xcd,0x00,0x00,0x33,0x88,0xff,0x00,0x99,0x9d,0x00,
    0x01,0x11,0xcc,0x83,0xff,0x01,0xdd,0x11,0x98,0x00,0x01,0x33,0xee,0x83,0xff,0x01,0xdd,0x22,0xbf,0x00,
    0x00,0x55,0x84,0xff,0x01,0xee,0x44,0x93,0x00,0x01,0x33,0xdd,0x84,0xff,0x03,0xdd,0x88,0x55,0x33,0x83,
    0x00,0x03,0x22,0x44,0x99,0xee,0x84,0xff,0x01,0xdd,0x33,0xa0,0x00,0x00,0x77,0x84,0xff,0x02,0xee,0x22,
    0xaa,0x83,0xff,0x02,0xdd,0x22,0x99,0x84,0xff,0x00,0x44,0x9e,0x00,0x00,0xbb,0x84,0xff,0x00,0x33,0x96,
    0x00,0x00,0x88,0x84,0xff,0x00,0x77,0xcd,0x00,0x00,0x33,0x88,0xff,0x00,0x99,0x9d,0x00,0x01,0x11,0xcc,
    0x83,0xff,0x01,0xdd,0x11,0x98,0x00,0x00,0x88,0x84,0xff,0x00,0xaa,0xc0,0x00,0x00,0x88,0x84,0xff,0x01,
    0xbb,0x11,0x92,0x00,0x01,0x44,0xdd,0x83,0xff,0x02,0xdd,0x88,0x22,0x89,0x00,0x02,0x22,0x99,0xee,0x83,
    0xff,0x01,0xcc,0x33,0x9e,0x00,0x01,0x22,0xdd,0x84,0xff,0x02,0xaa,0x00,0xaa,0x83,0xff,0x02,0xdd,0x22,
    0x99,0x84,0xff,0x00,0x44,0x9e,0x00,0x00,0xbb,0x84,0xff,0x00,0x33,0x96,0x00,0x00,0x77,0x84,0xff,0x00,
    0x88,0xcd,0x00,0x01,0x22,0xee,0x87,0xff,0x00,0x88,0x9d,0x00,0x01,0x11,0xcc,0x83,0xff,0x01,0xdd,0x11,
    0x97,0x00,0x01,0x11,0xbb,0x84,0xff,0x00,0x77,0xc0,0x00,0x00,0xbb,0x84,0xff,0x00,0x66,0x92,0x00,0x01,
    0x44,0xdd,0x83,0xff,0x01,0xcc,0x44,0x89,0x00,0x05,0x11,0x11,0x00,0x00,0x44,0xbb,0x83,0xff,0x01,0xcc,
    0x33,0x9d,0x00,0x00,0x66,0x84,0xff,0x03,0xee,0x44,0x00,0xbb,0x83,0xff,0x02,0xdd,0x22,0x99,0x83,0xff,
    0x01,0xee,0x33,0x9e,0x00,0x00,0xbb,0x83,0xff,0x01,0xee,0x33,0x96,0x00,0x00,0x55,0x84,0xff,0x01,0xbb,
    0x11,0xbe,0x00,0x82,0x11,0x8a,0x00,0x00,0x44,0x88,0xff,0x00,0x77,0x92,0x00,0x01,0x11,0x11,0x85,0x00,
    0x04,0x11,0x11,0x00,0x11,0xcc,0x83,0xff,0x01,0xcc,0x11,0x97,0x00,0x01,0x22,0xdd,0x83,0xff,0x01,0xee,
    0x22,0xbf,0x00,0x01,0x33,0xee,0x83,0xff,0x03,0xdd,0x22,0x00,0x11,0x90,0x00,0x00,0xaa,0x83,0xff,0x03,
    0x99,0x22,0x44,0xaa,0x86,0x99,0x03,0x88,0x77,0x77,0x44,0x82,0x00,0x01,0x22,0xbb,0x83,0xff,0x01,0xaa,
    0x11,0x9b,0x00,0x01,0x11,0xcc,0x84,0xff,0x03,0xaa,0x00,0x00,0xbb,0x83,0xff,0x02,0xdd,0x22,0x99,0x83,
    0xff,0x01,0xee,0x33,0x9e,0x00,0x00,0xbb,0x83,0xff,0x01,0xee,0x33,0x96,0x00,0x01,0x44,0xee,0x83,0xff,
    0x01,0xcc,0x22,0xc2,0x00,0x0a,0x11,0x11,0x22,0x22,0x33,0x44,0x55,0x55,0x77,0x77,0xbb,0x88,0xff,0x01,
    0xcc,0x88,0x83,0x99,0x03,0xaa,0xaa,0x99,0x99,0x86,0xaa,0x05,0x99,0xaa,0xaa,0xbb,0xaa,0xaa,0x86,0xbb,
    0x01,0xaa,0xbb,0x84,0xff,0x01,0xcc,0x11,0x97,0x00,0x00,0x55,0x84,0xff,0x00,0xbb,0xc0,0x00,0x00,0x66,
    0x84,0xff,0x00,0xaa,0x92,0x00,0x00,0x66,0x83,0xff,0x03,0xcc,0x11,0x00,0xaa,0x8a,0xff,0x06,0xee,0xaa,
    0x33,0x11,0x00,0x11,0xbb,0x83,0xff,0x00,0x66,0x9b,0x00,0x00,0x66,0x85,0xff,0x03,0x44,0x00,0x00,0xbb,
    0x83,0xff,0x02,0xdd,0x22,0x99,0x84,0xff,0x00,0x44,0x9e,0x00,0x00,0xbb,0x83,0xff,0x01,0xee,0x33,0x96,
    0x00,0x01,0x22,0xee,0x83,0xff,0x01,0xdd,0x22,0xbc,0x00,0x09,0x11,0x33,0x55,0x66,0x77,0x99,0xbb,0xcc,
    0xcc,0xdd,0xb4,0xff,0x01,0xcc,0x11,0x97,0x00,0x00,0x88,0x84,0xff,0x00,0x99,0xc0,0x00,0x00,0xbb,0x84,
    0xff,0x00,0x77,0x91,0x00,0x01,0x11,0xdd,0x82,0xff,0x04,0xdd,0x22,0x00,0x00,0xaa,0x8c,0xff,0x05,0xee,
    0x55,0x00,0x00,0x33,0xee,0x82,0xff,0x01,0xcc,0x11,0x9a,0x00,0x00,0xbb,0x84,0xff,0x00,0xcc,0x82,0x00,
    0x00,0xbb,0x83,0xff,0x02,0xdd,0x22,0x99,0x84,0xff,0x00,0x44,0x9e,0x00,0x00,0xbb,0x83,0xff,0x01,0xee,
    0x33,0x96,0x00,0x01,0x11,0xcc,0x83,0xff,0x01,0xee,0x33,0xb6,0x00,0x06,0x22,0x33,0x55,0x77,0x99,0xaa,
    0xcc,0xbd,0xff,0x01,0xcc,0x11,0x97,0x00,0x00,0xaa,0x84,0xff,0x00,0x66,0xbf,0x00,0x01,0x11,0xdd,0x84,
    0xff,0x00,0x44,0x91,0x00,0x00,0x66,0x83,0xff,0x00,0x88,0x82,0x00,0x00,0xaa,0x8d,0xff,0x04,0xbb,0x11,
    0x00,0x00,0x99,0x83,0xff,0x00,0x55,0x99,0x00,0x01,0x55,0xee,0x84,0xff,0x00,0x66,0x82,0x00,0x00,0xbb,
    0x83,0xff,0x02,0xdd,0x22,0x99,0x84,0xff,0x00,0x44,0x9e,0x00,0x00,0xbb,0x84,0xff,0x00,0x33,0x97,0x00,
    0x00,0xaa,0x84,0xff,0x00,0x66,0xb1,0x00,0x06,0x11,0x22,0x44,0x88,0x99,0xdd,0xee,0xc2,0xff,0x01,0xcc,
    0x11,0x96,0x00,0x01,0x22,0xee,0x83,0xff,0x01,0xdd,0x11,0xbf,0x00,0x00,0x55,0x84,0xff,0x01,0xcc,0x11,
    0x91,0x00,0x00,0xaa,0x82,0xff,0x05,0xcc,0x22,0x00,0x11,0x11,0xaa,0x83,0xff,0x05,0xcc,0x55,0x44,0x55,
    0x55,0xdd,0x83,0xff,0x05,0xee,0x33,0x00,0x00,0x22,0xdd,0x82,0xff,0x01,0xaa,0x11,0x97,0x00,0x01,0x11,
    0xaa,0x84,0xff,0x01,0xcc,0x11,0x82,0x00,0x00,0xcc,0x83,0xff,0x02,0xdd,0x22,0x99,0x83,0xff,0x01,0xee,
    0x33,0x9e,0x00,0x00,0xbb,0x84,0xff,0x00,0x33,0x97,0x00,0x00,0x88,0x84,0xff,0x00,0x99,0xad,0x00,0x05,
    0x11,0x33,0x55,0x99,0xcc,0xee,0xc7,0xff,0x01,0xcc,0x11,0x96,0x00,0x00,0x55,0x84,0xff,0x00,0xaa,0xc0,
    0x00,0x00,0x99,0x84,0xff,0x00,0x99,0x91,0x00,0x01,0x22,0xdd,0x82,0xff,0x00,0x77,0x82,0x00,0x01,0x11,
    0xaa,0x83,0xff,0x01,0xbb,0x11,0x82,0x00,0x00,0x77,0x84,0xff,0x00,0x44,0x82,0x00,0x00,0x88,0x82,0xff,
    0x01,0xee,0x33,0x97,0x00,0x01,0x44,0xee,0x84,0xff,0x00,0x66,0x83,0x00,0x00,0xcc,0x83,0xff,0x02,0xdd,
    0x22,0x99,0x83,0xff,0x01,0xee,0x33,0x9e,0x00,0x00,0xbb,0x84,0xff,0x00,0x33,0x97,0x00,0x00,0x66,0x84,
    0xff,0x01,0xbb,0x11,0xa3,0x00,0x00,0x11,0x83,0x00,0x05,0x11,0x22,0x66,0x88,0xcc,0xee,0xcb,0xff,0x01,
    0xdd,0x11,0x96,0x00,0x00,0x77,0x84,0xff,0x00,0x88,0xc0,0x00,0x00,0xaa,0x84,0xff,0x00,0x66,0x91,0x00,
    0x00,0x55,0x82,0xff,0x01,0xee,0x33,0x82,0x00,0x01,0x11,0xaa,0x83,0xff,0x05,0xcc,0x22,0x00,0x11,0x00,
    0x55,0x84,0xff,0x00,0x44,0x82,0x00,0x01,0x33,0xee,0x82,0xff,0x00,0x55,0x97,0x00,0x00,0x99,0x84,0xff,
    0x01,0xdd,0x11,0x83,0x00,0x00,0xcc,0x83,0xff,0x02,0xdd,0x22,0x99,0x83,0xff,0x03,0xee,0x33,0x00,0x11,
    0x9c,0x00,0x00,0xbb,0x84,0xff,0x00,0x33,0x97,0x00,0x01,0x44,0xee,0x84,0xff,0x00,0x33,0xa6,0x00,0x03,
    0x33,0x77,0xbb,0xdd,0xcf,0xff,0x01,0xdd,0x11,0x96,0x00,0x00,0xbb,0x84,0xff,0x00,0x66,0xbf,0x00,0x01,
    0x33,0xee,0x83,0xff,0x01,0xee,0x33,0x91,0x00,0x00,0x77,0x82,0xff,0x01,0xcc,0x11,0x82,0x00,0x01,0x11,
    0xaa,0x83,0xff,0x01,0xbb,0x11,0x82,0x00,0x00,0x99,0x83,0xff,0x01,0xdd,0x22,0x82,0x00,0x01,0x11,0xdd,
    0x82,0xff,0x00,0x77,0x94,0x00,0x03,0x11,0x00,0x33,0xee,0x84,0xff,0x00,0x77,0x84,0x00,0x00,0xbb,0x83,
    0xff,0x02,0xdd,0x22,0x99,0x83,0xff,0x03,0xee,0x44,0x00,0x11,0x9c,0x00,0x00,0xbb,0x84,0xff,0x00,0x33,
    0x97,0x00,0x01,0x11,0xbb,0x84,0xff,0x00,0x66,0xa3,0x00,0x03,0x44,0x77,0xaa,0xee,0xd2,0xff,0x01,0xdd,
    0x11,0x95,0x00,0x01,0x33,0xee,0x83,0xff,0x01,0xee,0x33,0xbf,0x00,0x00,0x77,0x84,0xff,0x01,0xcc,0x11,
    0x91,0x00,0x00,0x88,0x82,0xff,0x00,0xbb,0x83,0x00,0x01,0x11,0xaa,0x83,0xff,0x00,0xcc,0x82,0x33,0x01,
    0x55,0xee,0x83,0xff,0x00,0xaa,0x83,0x00,0x01,0x11,0xbb,0x82,0xff,0x00,0x88,0x95,0x00,0x01,0x11,0x88,
    0x84,0xff,0x01,0xdd,0x22,0x84,0x00,0x00,0xbb,0x83,0xff,0x02,0xdd,0x22,0x99,0x84,0xff,0x00,0x44,0x9e,
    0x00,0x00,0xbb,0x84,0xff,0x00,0x33,0x98,0x00,0x00,0x88,0x84,0xff,0x00,0x99,0xa0,0x00,0x02,0x33,0x88,
    0xbb,0xd6,0xff,0x01,0xcc,0x11,0x95,0x00,0x00,0x66,0x84,0xff,0x00,0xaa,0xbf,0x00,0x01,0x11,0xaa,0x84,
    0xff,0x00,0x88,0x90,0x00,0x02,0x11,0x00,0x99,0x82,0xff,0x00,0x99,0x84,0x00,0x00,0xaa,0x8c,0xff,0x01,
    0xcc,0x44,0x84,0x00,0x00,0xaa,0x82,0xff,0x00,0x88,0x95,0x00,0x01,0x33,0xdd,0x84,0xff,0x00,0x99,0x85,
    0x00,0x00,0xcc,0x83,0xff,0x02,0xdd,0x22,0x99,0x84,0xff,0x00,0x44,0x9e,0x00,0x00,0xbb,0x84,0xff,0x00,
    0x33,0x98,0x00,0x00,0x66,0x84,0xff,0x00,0xcc,0x9d,0x00,0x03,0x22,0x66,0xaa,0xee,0xc2,0xff,0x01,0xee,
    0xee,0x84,0xff,0x89,0xee,0x84,0xff,0x01,0xcc,0x11,0x95,0x00,0x00,0x88,0x84,0xff,0x00,0x77,0xbf,0x00,
    0x01,0x11,0xbb,0x84,0xff,0x00,0x44,0x90,0x00,0x02,0x11,0x00,0x99,0x82,0xff,0x00,0x88,0x84,0x00,0x00,
    0xaa,0x8b,0xff,0x01,0xdd,0x22,0x83,0x00,0x02,0x11,0x00,0x99,0x82,0xff,0x02,0x88,0x00,0x11,0x92,0x00,
    0x01,0x11,0x88,0x84,0xff,0x01,0xee,0x44,0x85,0x00,0x00,0xcc,0x83,0xff,0x02,0xdd,0x22,0x99,0x84,0xff,
    0x00,0x44,0x9e,0x00,0x00,0xbb,0x84,0xff,0x00,0x33,0x98,0x00,0x01,0x22,0xdd,0x84,0xff,0x00,0x33,0x99,
    0x00,0x03,0x11,0x44,0x88,0xcc,0xa4,0xff,0x05,0xee,0xdd,0xbb,0xaa,0xaa,0x99,0x82,0x88,0x04,0x77,0x77,
    0x66,0x55,0x55,0x83,0x66,0x09,0x55,0x66,0x66,0x55,0x55,0x44,0x55,0x55,0x44,0x44,0x87,0x33,0x82,0x44,
    0x8a,0x33,0x00,0xdd,0x83,0xff,0x01,0xcc,0x11,0x94,0x00,0x01,0x11,0xbb,0x84,0xff,0x00,0x55,0xbf,0x00,
    0x01,0x22,0xdd,0x83,0xff,0x01,0xdd,0x11,0x92,0x00,0x00,0x99,0x82,0xff,0x00,0x88,0x83,0x00,0x01,0x11,
    0xaa,0x8c,0xff,0x00,0x88,0x83,0x00,0x02,0x11,0x11,0x99,0x82,0xff,0x02,0x88,0x00,0x11,0x92,0x00,0x01,
    0x33,0xdd,0x84,0xff,0x00,0x88,0x86,0x00,0x00,0xcc,0x83,0xff,0x02,0xdd,0x22,0x99,0x83,0xff,0x01,0xee,
    0x33,0x9e,0x00,0x00,0xbb,0x84,0xff,0x00,0x33,0x97,0x00,0x02,0x11,0x11,0xcc,0x84,0xff,0x00,0x77,0x97,
    0x00,0x03,0x22,0x66,0xaa,0xee,0x9e,0xff,0x09,0xee,0xcc,0xbb,0xaa,0x99,0x66,0x44,0x33,0x33,0x11,0xaf,
    0x00,0x00,0xcc,0x83,0xff,0x01,0xdd,0x11,0x94,0x00,0x01,0x22,0xdd,0x83,0xff,0x01,0xee,0x33,0xbf,0x00,
    0x00,0x66,0x84,0xff,0x00,0xaa,0x93,0x00,0x00,0x99,0x82,0xff,0x00,0x99,0x83,0x00,0x01,0x11,0xaa,0x83,
    0xff,0x03,0xee,0xcc,0xbb,0xcc,0x85,0xff,0x00,0x55,0x84,0x00,0x00,0x99,0x82,0xff,0x02,0x88,0x00,0x11,
    0x92,0x00,0x00,0x77,0x84,0xff,0x01,0xee,0x33,0x86,0x00,0x00,0xcc,0x83,0xff,0x02,0xdd,0x22,0x99,0x84,
    0xff,0x00,0x44,0x9e,0x00,0x00,0xbb,0x84,0xff,0x02,0x33,0x00,0x11,0x97,0x00,0x00,0x88,0x84,0xff,0x00,
    0xbb,0x95,0x00,0x02,0x22,0x77,0xdd,0x9b,0xff,0x07,0xee,0xee,0xbb,0x99,0x66,0x55,0x33,0x11,0xb7,0x00,
    0x00,0xbb,0x83,0xff,0x01,0xdd,0x11,0x94,0x00,0x00,0x55,0x84,0xff,0x00,0xbb,0xbe,0x00,0x02,0x11,0x11,
    0xaa,0x84,0xff,0x00,0x66,0x93,0x00,0x00,0x77,0x82,0xff,0x01,0xcc,0x11,0x83,0x00,0x00,0xaa,0x83,0xff,
    0x00,0xbb,0x82,0x11,0x00,0x77,0x84,0xff,0x00,0xbb,0x83,0x00,0x01,0x11,0xcc,0x82,0xff,0x02,0x66,0x00,
    0x11,0x91,0x00,0x01,0x11,0xbb,0x84,0xff,0x01,0xaa,0x11,0x86,0x00,0x00,0xbb,0x83,0xff,0x02,0xdd,0x22,
    0x99,0x84,0xff,0x00,0x44,0x9e,0x00,0x00,0xbb,0x84,0xff,0x02,0x33,0x00,0x11,0x97,0x00,0x00,0x44,0x84,
    0xff,0x01,0xee,0x33,0x92,0x00,0x02,0x33,0x88,0xdd,0x9a,0xff,0x05,0xdd,0xbb,0x88,0x44,0x33,0x11,0xbc,
    0x00,0x00,0xcc,0x83,0xff,0x01,0xdd,0x11,0x94,0x00,0x00,0x77,0x84,0xff,0x00,0x77,0xbf,0x00,0x01,0x22,
    0xdd,0x84,0xff,0x00,0x33,0x93,0x00,0x00,0x66,0x82,0xff,0x01,0xee,0x44,0x83,0x00,0x00,0xaa,0x83,0xff,
    0x05,0xaa,0x00,0x00,0x11,0x11,0xbb,0x83,0xff,0x05,0xcc,0x11,0x00,0x11,0x00,0x44,0x83,0xff,0x00,0x44,
    0x93,0x00,0x00,0x66,0x85,0xff,0x00,0x55,0x87,0x00,0x00,0xbb,0x83,0xff,0x02,0xdd,0x22,0x99,0x84,0xff,
    0x00,0x44,0x9e,0x00,0x00,0xbb,0x84,0xff,0x00,0x33,0x99,0x00,0x01,0x22,0xcc,0x84,0xff,0x00,0x77,0x90,
    0x00,0x02,0x33,0x99,0xee,0x98,0xff,0x04,0xdd,0xaa,0x88,0x55,0x22,0xc1,0x00,0x00,0xcc,0x83,0xff,0x01,
    0xdd,0x11,0x94,0x00,0x00,0x99,0x84,0xff,0x00,0x66,0xbf,0x00,0x01,0x33,0xee,0x83,0xff,0x01,0xee,0x22,
    0x93,0x00,0x01,0x33,0xdd,0x82,0xff,0x01,0x99,0x11,0x82,0x00,0x00,0xaa,0x83,0xff,0x05,0xbb,0x11,0x00,
    0x11,0x00,0x77,0x83,0xff,0x01,0xdd,0x11,0x82,0x00,0x00,0x99,0x82,0xff,0x01,0xee,0x33,0x92,0x00,0x01,
    0x11,0xaa,0x84,0xff,0x01,0xaa,0x11,0x87,0x00,0x00,0xbb,0x83,0xff,0x02,0xdd,0x22,0x99,0x84,0xff,0x00,
    0x44,0x9e,0x00,0x00,0xbb,0x84,0xff,0x00,0x33,0x9a,0x00,0x00,0x88,0x84,0xff,0x01,0xbb,0x11,0x89,0x00,
    0x00,0x11,0x82,0x00,0x02,0x22,0x88,0xee,0x97,0xff,0x03,0xcc,0x77,0x44,0x22,0xc5,0x00,0x00,0xcc,0x83,
    0xff,0x01,0xdd,0x11,0x93,0x00,0x01,0x11,0xcc,0x84,0xff,0x00,0x44,0xbf,0x00,0x00,0x66,0x84,0xff,0x01,
    0xbb,0x11,0x93,0x00,0x01,0x11,0x99,0x82,0xff,0x05,0xdd,0x33,0x00,0x00,0x11,0xaa,0x83,0xff,0x01,0xbb,
    0x11,0x82,0x00,0x00,0x77,0x83,0xff,0x05,0xee,0x22,0x00,0x00,0x22,0xdd,0x82,0xff,0x01,0xbb,0x11,0x92,
    0x00,0x01,0x33,0xee,0x84,0xff,0x00,0x55,0x88,0x00,0x00,0xcc,0x83,0xff,0x02,0xdd,0x22,0x99,0x84,0xff,
    0x00,0x33,0x9e,0x00,0x00,0xbb,0x84,0xff,0x00,0x33,0x9a,0x00,0x01,0x44,0xee,0x84,0xff,0x00,0x44,0x8b,
    0x00,0x02,0x33,0x88,0xee,0x95,0xff,0x04,0xee,0x99,0x77,0x44,0x11,0xc8,0x00,0x00,0xcc,0x83,0xff,0x01,
    0xdd,0x11,0x93,0x00,0x00,0x55,0x84,0xff,0x01,0xcc,0x11,0xbe,0x00,0x01,0x11,0xaa,0x84,0xff,0x00,0x77,
    0x95,0x00,0x01,0x44,0xee,0x82,0xff,0x00,0x99,0x82,0x00,0x00,0xaa,0x83,0xff,0x01,0xbb,0x11,0x82,0x00,
    0x00,0x66,0x83,0xff,0x04,0xee,0x33,0x00,0x00,0x88,0x83,0xff,0x00,0x44,0x92,0x00,0x01,0x11,0x99,0x84,
    0xff,0x03,0xdd,0x22,0x00,0x11,0x86,0x00,0x00,0xcc,0x83,0xff,0x02,0xdd,0x22,0x99,0x83,0xff,0x01,0xee,
    0x33,0x9e,0x00,0x00,0xbb,0x84,0xff,0x00,0x33,0x99,0x00,0x02,0x11,0x00,0xaa,0x84,0xff,0x00,0x88,0x89,
    0x00,0x02,0x22,0x77,0xee,0x94,0xff,0x03,0xee,0xbb,0x66,0x33,0xcc,0x00,0x00,0xcc,0x83,0xff,0x01,0xdd,
    0x11,0x93,0x00,0x00,0x77,0x84,0xff,0x00,0x99,0xbf,0x00,0x01,0x22,0xdd,0x84,0xff,0x00,0x33,0x95,0x00,
    0x01,0x11,0xbb,0x82,0xff,0x04,0xee,0x33,0x00,0x00,0x99,0x83,0xff,0x00,0xbb,0x83,0x00,0x00,0x44,0x83,
    0xff,0x03,0xee,0x44,0x00,0x55,0x83,0xff,0x00,0xcc,0x93,0x00,0x01,0x44,0xee,0x84,0xff,0x00,0x88,0x89,
    0x00,0x00,0xcc,0x83,0xff,0x02,0xdd,0x22,0x99,0x83,0xff,0x01,0xee,0x33,0x9e,0x00,0x00,0xbb,0x84,0xff,
    0x00,0x33,0x99,0x00,0x02,0x11,0x00,0x88,0x84,0xff,0x01,0xdd,0x11,0x86,0x00,0x02,0x11,0x77,0xdd,0x93,
    0xff,0x04,0xee,0xcc,0x88,0x44,0x11,0xcd,0x00,0x01,0x11,0xcc,0x83,0xff,0x01,0xdd,0x11,0x93,0x00,0x00,
    0x99,0x84,0xff,0x00,0x66,0xbf,0x00,0x01,0x44,0xee,0x83,0xff,0x01,0xee,0x22,0x95,0x00,0x01,0x11,0x77,
    0x83,0xff,0x03,0xcc,0x22,0x00,0x99,0x83,0xff,0x00,0xaa,0x83,0x00,0x01,0x22,0xdd,0x82,0xff,0x03,0xee,
    0x44,0x44,0xee,0x83,0xff,0x00,0x55,0x92,0x00,0x01,0x11,0x88,0x84,0xff,0x01,0xdd,0x33,0x89,0x00,0x00,
    0xcc,0x83,0xff,0x02,0xdd,0x22,0x99,0x83,0xff,0x01,0xee,0x44,0x9e,0x00,0x00,0xbb,0x84,0xff,0x00,0x33,
    0x9b,0x00,0x01,0x33,0xee,0x84,0xff,0x00,0x77,0x84,0x00,0x02,0x11,0x66,0xdd,0x93,0xff,0x03,0xee,0xaa,
    0x33,0x11,0xd0,0x00,0x01,0x11,0xcc,0x83,0xff,0x01,0xdd,0x11,0x92,0x00,0x01,0x11,0xdd,0x84,0xff,0x00,
    0x44,0xbf,0x00,0x00,0x55,0x84,0xff,0x00,0x99,0x97,0x00,0x01,0x11,0xaa,0x83,0xff,0x02,0xcc,0x33,0x11,
    0x83,0x44,0x00,0x33,0x82,0x00,0x02,0x11,0x22,0x33,0x84,0x44,0x00,0xbb,0x83,0xff,0x00,0x99,0x93,0x00,
    0x01,0x11,0xdd,0x84,0xff,0x00,0x88,0x8a,0x00,0x00,0xcc,0x83,0xff,0x02,0xdd,0x22,0x99,0x84,0xff,0x00,
    0x44,0x9e,0x00,0x00,0xbb,0x84,0xff,0x00,0x33,0x9c,0x00,0x00,0x99,0x84,0xff,0x01,0xdd,0x22,0x82,0x00,
    0x01,0x44,0xcc,0x93,0xff,0x04,0xcc,0x77,0x44,0x11,0x11,0xd1,0x00,0x01,0x11,0xcc,0x83,0xff,0x01,0xdd,
    0x11,0x92,0x00,0x01,0x22,0xee,0x83,0xff,0x01,0xdd,0x22,0xbf,0x00,0x00,0x77,0x84,0xff,0x00,0x77,0x98,
    0x00,0x01,0x33,0xcc,0x83,0xff,0x01,0xcc,0x44,0x87,0x00,0x01,0x11,0x11,0x83,0x00,0x01,0x55,0xcc,0x83,
    0xff,0x01,0xbb,0x11,0x93,0x00,0x00,0x66,0x85,0xff,0x00,0x33,0x8a,0x00,0x00,0xcc,0x83,0xff,0x02,0xdd,
    0x22,0x99,0x84,0xff,0x00,0x44,0x9e,0x00,0x00,0xbb,0x84,0xff,0x00,0x33,0x9c,0x00,0x00,0x66,0x85,0xff,
    0x04,0x55,0x00,0x22,0x77,0xdd,0x91,0xff,0x03,0xee,0xbb,0x66,0x11,0x83,0x00,0x00,0x11,0xd0,0x00,0x01,
    0x11,0xcc,0x83,0xff,0x01,0xdd,0x11,0x92,0x00,0x00,0x66,0x84,0xff,0x01,0xaa,0x11,0xbe,0x00,0x01,0x11,
    0xcc,0x83,0xff,0x01,0xee,0x44,0x99,0x00,0x01,0x33,0xdd,0x84,0xff,0x02,0xaa,0x44,0x11,0x87,0x00,0x02,
    0x11,0x44,0xaa,0x84,0xff,0x01,0xee,0x33,0x93,0x00,0x01,0x11,0xcc,0x84,0xff,0x01,0xbb,0x11,0x8a,0x00,
    0x00,0xbb,0x83,0xff,0x02,0xdd,0x22,0x99,0x84,0xff,0x00,0x44,0x9e,0x00,0x00,0xbb,0x84,0xff,0x00,0x33,
    0x9b,0x00,0x02,0x11,0x22,0xbb,0x84,0xff,0x02,0xbb,0x55,0xcc,0x91,0xff,0x06,0xee,0x99,0x44,0x00,0x00,
    0x11,0x11,0x82,0x00,0x00,0x11,0xd1,0x00,0x00,0xcc,0x83,0xff,0x01,0xdd,0x11,0x92,0x00,0x00,0x99,0x84,
    0xff,0x00,0x77,0xbf,0x00,0x01,0x22,0xee,0x83,0xff,0x01,0xdd,0x22,0x9a,0x00,0x01,0x44,0xdd,0x84,0xff,
    0x0b,0xdd,0x88,0x66,0x44,0x22,0x11,0x22,0x22,0x33,0x55,0x99,0xdd,0x84,0xff,0x01,0xcc,0x33,0x94,0x00,
    0x00,0x66,0x84,0xff,0x01,0xee,0x55,0x8b,0x00,0x00,0xbb,0x83,0xff,0x02,0xdd,0x22,0x99,0x84,0xff,0x00,
    0x44,0x9e,0x00,0x00,0xbb,0x84,0xff,0x00,0x33,0x9d,0x00,0x00,0x66,0x97,0xff,0x03,0xee,0xaa,0x33,0x11,
    0xda,0x00,0x00,0xcc,0x83,0xff,0x01,0xdd,0x11,0x91,0x00,0x01,0x11,0xbb,0x84,0xff,0x00,0x55,0xbf,0x00,
    0x00,0x55,0x84,0xff,0x01,0xbb,0x11,0x9b,0x00,0x01,0x44,0xbb,0x87,0xff,0x04,0xee,0xdd,0xdd,0xee,0xee,
    0x86,0xff,0x01,0x99,0x22,0x95,0x00,0x00,0xbb,0x84,0xff,0x00,0xbb,0x8c,0x00,0x00,0xbb,0x83,0xff,0x02,
    0xdd,0x22,0x99,0x84,0xff,0x02,0x44,0x00,0x11,0x9c,0x00,0x00,0xbb,0x84,0xff,0x00,0x33,0x9d,0x00,0x01,
    0x11,0xcc,0x94,0xff,0x02,0xdd,0x88,0x33,0xdd,0x00,0x00,0xcc,0x83,0xff,0x01,0xdd,0x11,0x91,0x00,0x01,
    0x22,0xdd,0x83,0xff,0x01,0xee,0x33,0xbf,0x00,0x00,0x77,0x84,0xff,0x00,0x99,0x9d,0x00,0x02,0x11,0x66,
    0xdd,0x8f,0xff,0x04,0xdd,0x66,0x00,0x00,0x11,0x93,0x00,0x00,0x44,0x85,0xff,0x00,0x55,0x8c,0x00,0x00,
    0xcc,0x83,0xff,0x02,0xdd,0x22,0xaa,0x84,0xff,0x00,0x44,0x9e,0x00,0x00,0xbb,0x84,0xff,0x00,0x33,0x9e,
    0x00,0x00,0x77,0x93,0xff,0x02,0xaa,0x33,0x11,0xde,0x00,0x00,0xcc,0x83,0xff,0x01,0xdd,0x11,0x91,0x00,
    0x01,0x44,0xee,0x83,0xff,0x01,0xcc,0x11,0xbf,0x00,0x00,0xaa,0x84,0xff,0x00,0x66,0x9f,0x00,0x02,0x33,
    0x77,0xdd,0x8b,0xff,0x02,0xcc,0x77,0x33,0x97,0x00,0x00,0xbb,0x84,0xff,0x03,0xdd,0x11,0x00,0x11,0x8a,
    0x00,0x00,0xcc,0x83,0xff,0x02,0xdd,0x22,0xaa,0x84,0xff,0x00,0x44,0x9e,0x00,0x00,0xbb,0x83,0xff,0x01,
    0xee,0x33,0x9e,0x00,0x01,0x44,0xee,0x90,0xff,0x04,0xbb,0x44,0x00,0x00,0x11,0xde,0x00,0x00,0xcc,0x83,
    0xff,0x01,0xdd,0x11,0x91,0x00,0x00,0x88,0x84,0xff,0x00,0x88,0xbf,0x00,0x01,0x22,0xdd,0x83,0xff,0x01,
    0xee,0x33,0x9e,0x00,0x82,0x11,0x05,0x33,0x66,0x99,0xbb,0xdd,0xff,0x82,0xee,0x08,0xcc,0xcc,0x99,0x55,
    0x11,0x00,0x00,0x11,0x11,0x94,0x00,0x00,0x33,0x85,0xff,0x00,0x77,0x8d,0x00,0x00,0xcc,0x83,0xff,0x02,
    0xdd,0x22,0xaa,0x84,0xff,0x00,0x44,0x9e,0x00,0x00,0xbb,0x84,0xff,0x00,0x33,0x9c,0x00,0x02,0x11,0x55,
    0xdd,0x8f,0xff,0x01,0xcc,0x66,0x82,0x00,0x01,0x11,0x11,0xdd,0x00,0x01,0x11,0xcc,0x83,0xff,0x01,0xdd,
    0x11,0x91,0x00,0x00,0xaa,0x84,0xff,0x00,0x66,0xbf,0x00,0x01,0x33,0xee,0x83,0xff,0x01,0xdd,0x11,0x9f,
    0x00,0x01,0x11,0x11,0x83,0x00,0x00,0x11,0x82,0x33,0x02,0x22,0x11,0x11,0x9b,0x00,0x00,0x99,0x84,0xff,
    0x01,0xdd,0x33,0x8d,0x00,0x00,0xcc,0x83,0xff,0x02,0xdd,0x22,0xaa,0x84,0xff,0x00,0x44,0x9e,0x00,0x00,
    0xbb,0x84,0xff,0x00,0x33,0x9b,0x00,0x01,0x33,0xbb,0x8f,0xff,0x02,0xcc,0x66,0x11,0xe3,0x00,0x01,0x11,
    0xcc,0x83,0xff,0x01,0xdd,0x11,0x90,0x00,0x01,0x11,0xbb,0x84,0xff,0x00,0x44,0xbf,0x00,0x00,0x55,0x84,
    0xff,0x00,0xaa,0xc8,0x00,0x01,0x22,0xcc,0x84,0xff,0x01,0x99,0x11,0x8d,0x00,0x00,0xcc,0x83,0xff,0x02,
    0xdd,0x22,0x99,0x84,0xff,0x00,0x44,0x9e,0x00,0x00,0xbb,0x84,0xff,0x00,0x33,0x9a,0x00,0x01,0x66,0xee,
    0x8e,0xff,0x02,0xee,0x99,0x22,0xe4,0x00,0x02,0x11,0x11,0xcc,0x83,0xff,0x01,0xdd,0x11,0x90,0x00,0x01,
    0x22,0xdd,0x83,0xff,0x01,0xee,0x33,0xbf,0x00,0x00,0x77,0x84,0xff,0x00,0x88,0xc8,0x00,0x00,0x77,0x84,
    0xff,0x01,0xee,0x44,0x8e,0x00,0x00,0xbb,0x83,0xff,0x02,0xdd,0x22,0x99,0x84,0xff,0x00,0x44,0x9e,0x00,
    0x00,0xbb,0x84,0xff,0x00,0x33,0x98,0x00,0x01,0x11,0x77,0x8f,0xff,0x01,0xbb,0x22,0xbf,0x00,0x82,0x11,
    0x02,0x22,0x22,0x33,0x83,0x44,0x00,0x55,0x82,0x66,0x82,0x77,0x83,0x88,0x02,0x99,0x99,0xaa,0x86,0xbb,
    0x89,0xcc,0x00,0xee,0x83,0xff,0x01,0xdd,0x11,0x90,0x00,0x00,0x55,0x84,0xff,0x01,0xbb,0x11,0xbe,0x00,
    0x01,0x11,0xbb,0x84,0xff,0x00,0x55,0xc7,0x00,0x01,0x22,0xcc,0x84,0xff,0x00,0xbb,0x8f,0x00,0x00,0xbb,
    0x83,0xff,0x02,0xdd,0x22,0x99,0x84,0xff,0x00,0x44,0x9e,0x00,0x00,0xaa,0x84,0xff,0x00,0x33,0x97,0x00,
    0x01,0x22,0xbb,0x8f,0xff,0x01,0x99,0x11,0xb7,0x00,0x09,0x11,0x22,0x33,0x55,0x66,0x77,0x99,0xaa,0xbb,
    0xcc,0x82,0xdd,0x01,0xee,0xee,0xa7,0xff,0x01,0xdd,0x11,0x8e,0x00,0x02,0x11,0x00,0x66,0x84,0xff,0x00,
    0x99,0xbf,0x00,0x01,0x22,0xdd,0x83,0xff,0x01,0xee,0x33,0xc7,0x00,0x01,0x44,0xee,0x84,0xff,0x00,0x66,
    0x8f,0x00,0x00,0xaa,0x83,0xff,0x02,0xdd,0x22,0xaa,0x84,0xff,0x00,0x44,0x9e,0x00,0x00,0xaa,0x83,0xff,
    0x01,0xee,0x22,0x96,0x00,0x01,0x33,0xcc,0x90,0xff,0x00,0x77,0xb3,0x00,0x07,0x11,0x22,0x55,0x99,0xbb,
    0xcc,0xdd,0xee,0xb3,0xff,0x01,0xdd,0x11,0x90,0x00,0x00,0x88,0x84,0xff,0x00,0x66,0xbf,0x00,0x01,0x22,
    0xee,0x83,0xff,0x01,0xcc,0x11,0xc7,0x00,0x00,0xaa,0x84,0xff,0x00,0xcc,0x90,0x00,0x00,0xbb,0x83,0xff,
    0x02,0xdd,0x22,0xaa,0x84,0xff,0x01,0xbb,0x88,0x89,0x99,0x01,0x88,0x88,0x91,0x99,0x00,0xdd,0x84,0xff,
    0x00,0xbb,0x89,0x99,0x84,0x88,0x00,0x99,0x82,0x88,0x83,0x99,0x00,0xdd,0x91,0xff,0x01,0xee,0xaa,0x88,
    0x99,0x01,0x88,0x88,0x87,0x99,0x01,0x88,0x88,0x9c,0x99,0x02,0xaa,0xdd,0xdd,0xb9,0xff,0x01,0xee,0xaa,
    0x90,0x99,0x00,0xee,0x84,0xff,0x00,0xcc,0x9f,0x99,0x00,0x88,0x99,0x99,0x00,0x88,0x82,0x99,0x01,0xaa,
    0xbb,0x84,0xff,0x03,0xee,0x99,0x88,0x88,0xc5,0x99,0x00,0xee,0x84,0xff,0x00,0xdd,0x90,0x99,0x00,0xee,
    0x83,0xff,0x02,0xdd,0x22,0x99,0xff,0xff,0xff,0xff,0xff,0xff,0x8d,0xff,0x02,0xdd,0x22,0x99,0xff,0xff,
    0xff,0xff,0xff,0xff,0x8d,0xff,0x02,0xdd,0x22,0x99,0xff,0xff,0xff,0xff,0xff,0xff,0x8d,0xff,0x02,0xdd,
    0x22,0x99,0xff,0xff,0xff,0xff,0xff,0xff,0x8d,0xff,0x02,0xdd,0x22,0x99,0xff,0xff,0xff,0xff,0xff,0xff,
    0x8d,0xff,0x02,0xdd,0x22,0x99,0x84,0xff,0x00,0x77,0x88,0x55,0x00,0x44,0x84,0x55,0x01,0x44,0x44,0x8c,
    0x55,0x01,0x44,0xbb,0x84,0xff,0x00,0x77,0x8d,0x55,0x01,0x33,0x88,0x8d,0xff,0x01,0xdd,0x88,0x82,0x66,
    0x84,0x55,0x00,0xdd,0x85,0xff,0x01,0xee,0x77,0x94,0x55,0x04,0x44,0x33,0x44,0x88,0xdd,0xb9,0xff,0x82,
    0xee,0x87,0xdd,0x83,0xcc,0x01,0xbb,0xdd,0x84,0xff,0x01,0xee,0x77,0x86,0x55,0x01,0x44,0x44,0x85,0x55,
    0x00,0x88,0x84,0xff,0x00,0xdd,0x92,0x55,0x00,0x44,0x94,0x55,0x00,0x44,0x93,0x55,0x03,0x44,0x55,0x44,
    0xbb,0x84,0xff,0x00,0xaa,0x93,0x55,0x00,0x66,0x89,0x55,0x00,0x66,0x89,0x55,0x01,0x66,0x66,0x88,0x55,
    0x01,0x66,0x66,0x8f,0x55,0x00,0xcc,0x84,0xff,0x00,0xdd,0x85,0x55,0x02,0x66,0x66,0x55,0x82,0x44,0x87,
    0x55,0x00,0xdd,0x83,0xff,0x02,0xdd,0x22,0x99,0x84,0xff,0x00,0x44,0x9e,0x00,0x00,0xbb,0x84,0xff,0x00,
    0x33,0x8d,0x00,0x01,0x22,0xcc,0x8c,0xff,0x01,0xcc,0x33,0x88,0x00,0x00,0x55,0x86,0xff,0x01,0x77,0x11,
    0x94,0x00,0x02,0x44,0x99,0xee,0xa0,0xff,0x0c,0xee,0xdd,0xdd,0xcc,0xbb,0xaa,0x99,0x99,0x88,0x77,0x77,
    0x66,0x66,0x84,0x55,0x01,0x44,0x44,0x86,0x33,0x82,0x22,0x84,0x11,0x00,0x22,0x85,0x11,0x01,0x33,0xcc,
    0x83,0xff,0x01,0xdd,0x22,0x8e,0x00,0x00,0x44,0x84,0xff,0x00,0xaa,0xc0,0x00,0x00,0xaa,0x84,0xff,0x00,
    0x66,0xc5,0x00,0x01,0x11,0xdd,0x84,0xff,0x00,0x99,0x93,0x00,0x00,0xbb,0x83,0xff,0x02,0xdd,0x22,0x99,
    0x84,0xff,0x00,0x44,0x9d,0x00,0x01,0x11,0xbb,0x84,0xff,0x00,0x44,0x82,0x11,0x87,0x00,0x03,0x11,0x00,
    0x44,0xdd,0x8c,0xff,0x01,0xbb,0x33,0x8a,0x00,0x00,0x66,0x86,0xff,0x00,0x77,0x82,0x00,0x00,0x11,0x8d,
    0x00,0x02,0x11,0x44,0xbb,0x9c,0xff,0x0a,0xee,0xdd,0xaa,0x99,0x88,0x77,0x44,0x33,0x22,0x11,0x11,0xa6,
    0x00,0x00,0xbb,0x83,0xff,0x01,0xee,0x22,0x8b,0x00,0x03,0x11,0x11,0x00,0x88,0x84,0xff,0x00,0x77,0xbf,
    0x00,0x01,0x11,0xcc,0x84,0xff,0x00,0x55,0x93,0x00,0x00,0x11,0x89,0x00,0x01,0x11,0x11,0x88,0x00,0x00,
    0x11,0x89,0x00,0x01,0x11,0x11,0x8e,0x00,0x00,0x66,0x84,0xff,0x01,0xee,0x44,0x85,0x00,0x00,0x11,0x8c,
    0x00,0x00,0xbb,0x83,0xff,0x02,0xdd,0x22,0x99,0x84,0xff,0x00,0x44,0x9e,0x00,0x00,0xbb,0x84,0xff,0x00,
    0x44,0x8a,0x00,0x02,0x11,0x44,0xcc,0x8c,0xff,0x01,0xaa,0x22,0x8b,0x00,0x01,0x11,0x99,0x85,0xff,0x04,
    0xee,0x44,0x00,0x00,0x11,0x88,0x00,0x00,0x11,0x82,0x00,0x01,0x55,0xbb,0x99,0xff,0x06,0xee,0xdd,0x99,
    0x66,0x44,0x33,0x11,0xae,0x00,0x01,0x11,0xcc,0x83,0xff,0x01,0xee,0x22,0x8c,0x00,0x02,0x11,0x00,0x99,
    0x84,0xff,0x00,0x55,0xbf,0x00,0x01,0x22,0xdd,0x83,0xff,0x01,0xee,0x33,0xc5,0x00,0x00,0x99,0x84,0xff,
    0x00,0xaa,0x94,0x00,0x00,0xbb,0x83,0xff,0x02,0xdd,0x22,0x99,0x84,0xff,0x00,0x44,0x9e,0x00,0x00,0xbb,
    0x84,0xff,0x00,0x44,0x8a,0x00,0x01,0x44,0xdd,0x8c,0xff,0x01,0x77,0x11,0x8d,0x00,0x01,0x11,0xaa,0x85,
    0xff,0x01,0xcc,0x55,0x89,0x00,0x04,0x11,0x00,0x11,0x66,0xbb,0x98,0xff,0x04,0xdd,0x88,0x77,0x33,0x11,
    0xb3,0x00,0x01,0x11,0xcc,0x83,0xff,0x01,0xdd,0x22,0x8d,0x00,0x01,0x11,0xcc,0x83,0xff,0x01,0xee,0x33,
    0xbf,0x00,0x01,0x33,0xee,0x83,0xff,0x01,0xdd,0x22,0xc4,0x00,0x01,0x11,0xcc,0x84,0xff,0x00,0x66,0x94,
    0x00,0x00,0xbb,0x83,0xff,0x02,0xdd,0x22,0x99,0x84,0xff,0x00,0x44,0x9e,0x00,0x00,0xbb,0x84,0xff,0x00,
    0x33,0x89,0x00,0x01,0x33,0xcc,0x8b,0xff,0x01,0xee,0x77,0x90,0x00,0x01,0x33,0xcc,0x85,0xff,0x01,0xee,
    0x44,0x89,0x00,0x01,0x55,0xcc,0x96,0xff,0x04,0xdd,0x99,0x66,0x44,0x11,0xb7,0x00,0x01,0x11,0xcc,0x83,
    0xff,0x01,0xcc,0x11,0x8d,0x00,0x00,0x33,0x84,0xff,0x01,0xdd,0x11,0xbf,0x00,0x00,0x55,0x84,0xff,0x00,
    0xbb,0xc5,0x00,0x00,0x55,0x84,0xff,0x01,0xdd,0x33,0x8c,0x00,0x00,0x11,0x86,0x00,0x00,0xbb,0x83,0xff,
    0x02,0xdd,0x22,0x99,0x84,0xff,0x00,0x44,0x9e,0x00,0x00,0xbb,0x84,0xff,0x00,0x33,0x88,0x00,0x01,0x22,
    0xcc,0x8b,0xff,0x01,0xee,0x55,0x90,0x00,0x03,0x11,0x00,0x33,0xdd,0x85,0xff,0x01,0xdd,0x33,0x86,0x00,
    0x01,0x44,0xbb,0x95,0xff,0x03,0xdd,0xaa,0x55,0x22,0xbb,0x00,0x01,0x11,0xcc,0x83,0xff,0x01,0xcc,0x22,
    0x8d,0x00,0x00,0x55,0x84,0xff,0x00,0xbb,0xc0,0x00,0x00,0x77,0x84,0xff,0x00,0x99,0xc5,0x00,0x00,0xaa,
    0x84,0xff,0x00,0x99,0x95,0x00,0x00,0xbb,0x83,0xff,0x02,0xdd,0x22,0x99,0x84,0xff,0x00,0x44,0x9e,0x00,
    0x00,0xbb,0x84,0xff,0x00,0x33,0x87,0x00,0x01,0x22,0xcc,0x8b,0xff,0x01,0xee,0x66,0x94,0x00,0x01,0x66,
    0xee,0x85,0xff,0x08,0xdd,0x55,0x00,0x11,0x00,0x00,0x22,0x77,0xee,0x93,0xff,0x03,0xee,0x99,0x44,0x11,
    0xbe,0x00,0x01,0x11,0xcc,0x83,0xff,0x01,0xcc,0x22,0x8d,0x00,0x00,0x66,0x84,0xff,0x00,0x88,0xc0,0x00,
    0x00,0xaa,0x84,0xff,0x00,0x77,0xc4,0x00,0x01,0x22,0xee,0x84,0xff,0x00,0x55,0x95,0x00,0x00,0xbb,0x83,
    0xff,0x02,0xdd,0x22,0x99,0x84,0xff,0x00,0x44,0x9e,0x00,0x00,0xbb,0x84,0xff,0x00,0x33,0x86,0x00,0x01,
    0x11,0xbb,0x8b,0xff,0x01,0xdd,0x33,0x96,0x00,0x01,0x55,0xee,0x85,0xff,0x05,0xee,0x77,0x11,0x11,0x88,
    0xdd,0x92,0xff,0x03,0xee,0xbb,0x66,0x22,0xc2,0x00,0x00,0xbb,0x83,0xff,0x01,0xcc,0x22,0x8d,0x00,0x00,
    0x88,0x84,0xff,0x02,0x66,0x00,0x11,0xbd,0x00,0x01,0x11,0xbb,0x84,0xff,0x00,0x55,0xc4,0x00,0x00,0x77,
    0x84,0xff,0x01,0xcc,0x22,0x95,0x00,0x00,0xbb,0x83,0xff,0x02,0xdd,0x22,0x99,0x84,0xff,0x00,0x44,0x9e,
    0x00,0x00,0xbb,0x83,0xff,0x01,0xee,0x33,0x85,0x00,0x01,0x11,0xbb,0x8b,0xff,0x01,0xee,0x44,0x98,0x00,
    0x01,0x66,0xee,0x86,0xff,0x01,0x99,0xaa,0x92,0xff,0x02,0xdd,0xaa,0x44,0xc5,0x00,0x00,0xbb,0x83,0xff,
    0x01,0xdd,0x22,0x8c,0x00,0x01,0x11,0xbb,0x83,0xff,0x03,0xee,0x33,0x00,0x11,0xbd,0x00,0x01,0x11,0xdd,
    0x83,0xff,0x01,0xee,0x22,0xc3,0x00,0x01,0x11,0xcc,0x84,0xff,0x00,0x88,0x96,0x00,0x00,0xbb,0x83,0xff,
    0x02,0xdd,0x22,0x99,0x84,0xff,0x00,0x44,0x9e,0x00,0x00,0xbb,0x83,0xff,0x01,0xee,0x33,0x85,0x00,0x00,
    0x99,0x8b,0xff,0x01,0xee,0x55,0x9a,0x00,0x01,0x55,0xdd,0x98,0xff,0x03,0xdd,0x77,0x22,0x11,0xc6,0x00,
    0x00,0xbb,0x83,0xff,0x01,0xdd,0x22,0x8c,0x00,0x01,0x22,0xdd,0x83,0xff,0x01,0xee,0x22,0xbf,0x00,0x01,
    0x22,0xdd,0x83,0xff,0x01,0xdd,0x22,0xc3,0x00,0x01,0x33,0xee,0x84,0xff,0x00,0x44,0x96,0x00,0x00,0xbb,
    0x83,0xff,0x02,0xdd,0x22,0x99,0x84,0xff,0x00,0x44,0x9e,0x00,0x00,0xbb,0x83,0xff,0x01,0xee,0x33,0x84,
    0x00,0x00,0x99,0x8b,0xff,0x01,0xdd,0x44,0x9c,0x00,0x01,0x55,0xee,0x95,0xff,0x02,0xbb,0x66,0x11,0xc9,
    0x00,0x00,0xbb,0x83,0xff,0x01,0xdd,0x22,0x8c,0x00,0x01,0x33,0xee,0x83,0xff,0x00,0xbb,0xc0,0x00,0x01,
    0x44,0xee,0x83,0xff,0x00,0xaa,0xc4,0x00,0x00,0x77,0x84,0xff,0x01,0xcc,0x22,0x96,0x00,0x00,0xbb,0x83,
    0xff,0x02,0xdd,0x22,0x99,0x84,0xff,0x00,0x44,0x9e,0x00,0x00,0xbb,0x83,0xff,0x01,0xee,0x33,0x83,0x00,
    0x00,0x66,0x8b,0xff,0x01,0xee,0x55,0x9e,0x00,0x01,0x44,0xdd,0x93,0xff,0x02,0x99,0x44,0x11,0x82,0x33,
    0x82,0x22,0x82,0x33,0xc1,0x22,0x00,0xdd,0x83,0xff,0x01,0xee,0x33,0x8c,0x00,0x00,0x55,0x84,0xff,0x00,
    0xaa,0x9f,0x00,0x02,0x11,0x22,0x22,0x87,0x33,0x00,0x22,0x83,0x33,0x90,0x22,0x00,0x77,0x84,0xff,0x04,
    0xbb,0x33,0x33,0x22,0x22,0x83,0x33,0x82,0x22,0x00,0x33,0x83,0x22,0x90,0x33,0x83,0x22,0x8d,0x33,0x84,
    0x22,0x8b,0x00,0x01,0x11,0xdd,0x84,0xff,0x00,0xaa,0x97,0x00,0x00,0xbb,0x83,0xff,0x02,0xdd,0x22,0xaa,
    0x84,0xff,0x00,0x44,0x9e,0x00,0x00,0xbb,0x84,0xff,0x00,0x33,0x82,0x00,0x01,0x44,0xee,0x8a,0xff,0x01,
    0xdd,0x55,0x9f,0x00,0x01,0x33,0xbb,0x90,0xff,0x03,0xdd,0xee,0xff,0xdd,0xcb,0xee,0x00,0xdd,0x84,0xff,
    0x01,0xee,0x33,0x8c,0x00,0x00,0x88,0x84,0xff,0x00,0x77,0x9e,0x00,0x02,0x11,0x99,0xdd,0x85,0xee,0x00,
    0xff,0x83,0xee,0x00,0xff,0x92,0xee,0x86,0xff,0xb6,0xee,0x01,0x99,0x11,0x8a,0x00,0x00,0x55,0x84,0xff,
    0x01,0xdd,0x33,0x97,0x00,0x00,0xbb,0x83,0xff,0x02,0xdd,0x22,0xaa,0x84,0xff,0x00,0x44,0x9e,0x00,0x00,
    0xbb,0x84,0xff,0x04,0x33,0x00,0x00,0x44,0xdd,0x8b,0xff,0x00,0x55,0x89,0x00,0x00,0x11,0x93,0x00,0x02,
    0x11,0x77,0xee,0x8f,0xff,0x03,0xdd,0x66,0x22,0x99,0xd3,0xff,0x01,0xee,0x33,0x8b,0x00,0x01,0x11,0xaa,
    0x84,0xff,0x00,0x55,0x9e,0x00,0x00,0x55,0xde,0xff,0x00,0x66,0x8b,0x00,0x00,0x88,0x84,0xff,0x00,0xbb,
    0x98,0x00,0x00,0xbb,0x83,0xff,0x02,0xdd,0x22,0xaa,0x84,0xff,0x00,0x44,0x9e,0x00,0x00,0xbb,0x84,0xff,
    0x03,0x33,0x00,0x11,0xaa,0x8b,0xff,0x01,0x77,0x11,0x9d,0x00,0x01,0x11,0x99,0x90,0xff,0x04,0x99,0x33,
    0x00,0x00,0x88,0xd3,0xff,0x01,0xee,0x33,0x8b,0x00,0x01,0x11,0xcc,0x84,0xff,0x00,0x44,0x9d,0x00,0x01,
    0x11,0xcc,0xdd,0xff,0x01,0xbb,0x11,0x8a,0x00,0x01,0x11,0xcc,0x84,0xff,0x00,0x88,0x98,0x00,0x00,0xbb,
    0x83,0xff,0x02,0xdd,0x22,0x99,0x84,0xff,0x00,0x55,0x9e,0x00,0x00,0xbb,0x84,0xff,0x02,0x33,0x00,0x99,
    0x8b,0xff,0x02,0x77,0x00,0x11,0x9c,0x00,0x01,0x33,0xbb,0x91,0xff,0x00,0x66,0x82,0x11,0x00,0x88,0xd3,
    0xff,0x03,0xee,0x33,0x00,0x11,0x89,0x00,0x01,0x22,0xdd,0x83,0xff,0x01,0xdd,0x22,0x9d,0x00,0x00,0x77,
    0xdd,0xff,0x01,0xee,0x44,0x8b,0x00,0x00,0x33,0x85,0xff,0x00,0x44,0x98,0x00,0x00,0xbb,0x83,0xff,0x02,
    0xdd,0x22,0x99,0x84,0xff,0x00,0x44,0x9e,0x00,0x00,0xbb,0x83,0xff,0x02,0xee,0x33,0x77,0x8b,0xff,0x01,
    0x99,0x11,0x9d,0x00,0x01,0x44,0xdd,0x93,0xff,0x03,0xcc,0x66,0x00,0x88,0xd3,0xff,0x03,0xee,0x33,0x00,
    0x11,0x89,0x00,0x01,0x33,0xee,0x83,0xff,0x00,0xbb,0x9d,0x00,0x01,0x22,0xcc,0xdd,0xff,0x01,0xbb,0x22,
    0x8b,0x00,0x00,0x77,0x84,0xff,0x01,0xbb,0x11,0x98,0x00,0x00,0xbb,0x83,0xff,0x02,0xdd,0x22,0x99,0x84,
    0xff,0x00,0x44,0x9e,0x00,0x00,0xbb,0x83,0xff,0x02,0xee,0x77,0xee,0x8a,0xff,0x01,0xbb,0x11,0x9c,0x00,
    0x01,0x11,0x66,0x96,0xff,0x02,0xee,0xaa,0xcc,0xd3,0xff,0x03,0xee,0x33,0x00,0x11,0x89,0x00,0x00,0x66,
    0x84,0xff,0x00,0x99,0x9b,0x00,0x02,0x11,0x11,0x99,0xdd,0xff,0x01,0xee,0x55,0x8c,0x00,0x00,0xaa,0x84,
    0xff,0x00,0x77,0x99,0x00,0x00,0xbb,0x83,0xff,0x02,0xdd,0x22,0x99,0x84,0xff,0x00,0x44,0x9e,0x00,0x00,
    0xbb,0x84,0xff,0x00,0xee,0x8a,0xff,0x01,0xdd,0x33,0x9c,0x00,0x01,0x22,0x99,0x8e,0xff,0x01,0xdd,0xdd,
    0xde,0xff,0x02,0x33,0x00,0x11,0x89,0x00,0x00,0x88,0x84,0xff,0x00,0x77,0x9c,0x00,0x01,0x33,0xee,0xdd,
    0xff,0x02,0x99,0x00,0x11,0x8a,0x00,0x01,0x33,0xdd,0x83,0xff,0x01,0xee,0x44,0x99,0x00,0x00,0xbb,0x83,
    0xff,0x02,0xdd,0x22,0x99,0x84,0xff,0x00,0x44,0x9e,0x00,0x00,0xbb,0x8f,0xff,0x01,0xdd,0x55,0x9c,0x00,
    0x01,0x11,0xaa,0x8d,0xff,0x05,0xee,0x88,0x22,0x22,0x88,0xee,0xdc,0xff,0x02,0x44,0x00,0x11,0x89,0x00,
    0x00,0x99,0x84,0xff,0x00,0x66,0x9c,0x00,0x00,0xaa,0xdd,0xff,0x01,0xdd,0x22,0x8c,0x00,0x00,0x55,0x84,
    0xff,0x01,0xdd,0x22,0x99,0x00,0x00,0xcc,0x83,0xff,0x02,0xdd,0x22,0xaa,0x84,0xff,0x00,0x44,0x9e,0x00,
    0x00,0xbb,0x8f,0xff,0x00,0x55,0x9c,0x00,0x01,0x33,0xbb,0x8d,0xff,0x01,0xdd,0x55,0x83,0x00,0x01,0x33,
    0xaa,0x8e,0xff,0x00,0xee,0xc1,0xdd,0x00,0xee,0x88,0xff,0x02,0x44,0x00,0x11,0x89,0x00,0x00,0xbb,0x84,
    0xff,0x00,0x44,0x9b,0x00,0x00,0x77,0x8b,0xff,0xc6,0xdd,0x00,0xee,0x8a,0xff,0x00,0x88,0x8d,0x00,0x00,
    0x99,0x84,0xff,0x00,0xaa,0x9a,0x00,0x00,0xcc,0x83,0xff,0x02,0xdd,0x22,0x99,0x84,0xff,0x00,0x44,0x9e,
    0x00,0x00,0xbb,0x8e,0xff,0x00,0x77,0x9c,0x00,0x01,0x33,0xcc,0x8d,0xff,0x04,0xbb,0x33,0x00,0x11,0x11,
    0x83,0x00,0x01,0x77,0xdd,0x8c,0xff,0x03,0x99,0x11,0x22,0x22,0x88,0x11,0x82,0x22,0x8f,0x11,0x01,0x22,
    0x22,0x85,0x11,0x82,0x22,0x86,0x11,0x01,0x22,0x22,0x85,0x11,0x82,0x22,0x83,0x11,0x02,0x22,0x11,0x55,
    0x88,0xff,0x00,0x33,0x8a,0x00,0x01,0x22,0xdd,0x83,0xff,0x04,0xdd,0x11,0x00,0x11,0x11,0x95,0x00,0x03,
    0x11,0x00,0x22,0xdd,0x89,0xff,0x01,0xbb,0x33,0x82,0x22,0x0b,0x11,0x11,0x22,0x22,0x11,0x11,0x22,0x22,
    0x11,0x11,0x22,0x22,0x82,0x11,0x05,0x22,0x22,0x11,0x11,0x22,0x22,0x82,0x11,0x01,0x22,0x22,0x82,0x11,
    0x01,0x22,0x22,0x88,0x11,0x00,0x22,0x97,0x11,0x03,0x22,0x22,0x11,0x99,0x89,0xff,0x04,0xcc,0x22,0x00,
    0x00,0x11,0x89,0x00,0x01,0x11,0xdd,0x83,0xff,0x01,0xee,0x44,0x9a,0x00,0x00,0xcc,0x83,0xff,0x02,0xdd,
    0x22,0x99,0x84,0xff,0x00,0x55,0x9e,0x00,0x00,0xbb,0x8d,0xff,0x01,0xcc,0x11,0x9b,0x00,0x01,0x33,0xcc,
    0x8d,0xff,0x02,0x88,0x11,0x00,0x83,0x11,0x83,0x00,0x02,0x33,0x77,0xcc,0x8a,0xff,0x00,0x77,0xa6,0x00,
    0x82,0x11,0x8e,0x00,0x01,0x11,0x11,0x86,0x00,0x01,0x33,0xee,0x86,0xff,0x01,0xee,0x33,0x8a,0x00,0x01,
    0x33,0xee,0x83,0xff,0x00,0xbb,0x99,0x00,0x02,0x11,0x00,0x99,0x8a,0xff,0x00,0x55,0xc6,0x00,0x01,0x33,
    0xdd,0x88,0xff,0x01,0xee,0x55,0x82,0x00,0x00,0x11,0x89,0x00,0x01,0x22,0xee,0x83,0xff,0x01,0xdd,0x11,
    0x9a,0x00,0x00,0xcc,0x83,0xff,0x02,0xdd,0x22,0x99,0x84,0xff,0x00,0x55,0x9e,0x00,0x00,0xbb,0x8c,0xff,
    0x01,0xdd,0x44,0x9b,0x00,0x01,0x33,0xcc,0x8c,0xff,0x01,0xdd,0x55,0x89,0x00,0x05,0x11,0x00,0x00,0x22,
    0x88,0xdd,0x88,0xff,0x00,0x77,0xa7,0x00,0x00,0x11,0x8f,0x00,0x01,0x11,0x11,0x86,0x00,0x01,0x33,0xee,
    0x86,0xff,0x01,0xee,0x33,0x8a,0x00,0x00,0x55,0x84,0xff,0x00,0xaa,0x9a,0x00,0x00,0x55,0x8a,0xff,0x01,
    0x99,0x11,0xa0,0x00,0x00,0x11,0xa4,0x00,0x00,0x88,0x89,0xff,0x01,0xbb,0x11,0x8d,0x00,0x00,0x66,0x84,
    0xff,0x01,0xbb,0x11,0x9a,0x00,0x00,0xcc,0x83,0xff,0x02,0xdd,0x22,0x99,0x84,0xff,0x00,0x55,0x9e,0x00,
    0x00,0xbb,0x8c,0xff,0x00,0x55,0x9b,0x00,0x01,0x44,0xdd,0x8c,0xff,0x01,0xcc,0x33,0x8f,0x00,0x01,0x33,
    0xcc,0x87,0xff,0x00,0x77,0xc1,0x00,0x01,0x33,0xee,0x86,0xff,0x03,0xee,0x33,0x00,0x11,0x88,0x00,0x00,
    0x55,0x84,0xff,0x00,0x99,0x99,0x00,0x01,0x11,0xbb,0x89,0xff,0x01,0xdd,0x33,0xc6,0x00,0x01,0x22,0xdd,
    0x89,0xff,0x02,0x44,0x00,0x11,0x8c,0x00,0x00,0x99,0x84,0xff,0x00,0x88,0x9b,0x00,0x00,0xbb,0x83,0xff,
    0x02,0xdd,0x22,0x99,0x84,0xff,0x00,0x44,0x9e,0x00,0x00,0xbb,0x8b,0xff,0x00,0x88,0x9b,0x00,0x01,0x33,
    0xdd,0x8c,0xff,0x01,0xaa,0x33,0x91,0x00,0x00,0x99,0x87,0xff,0x00,0x88,0xc1,0x00,0x01,0x33,0xee,0x86,
    0xff,0x01,0xee,0x33,0x8a,0x00,0x00,0x88,0x84,0xff,0x00,0x77,0x99,0x00,0x00,0x66,0x8a,0xff,0x01,0x77,
    0x11,0xc6,0x00,0x00,0x99,0x89,0xff,0x00,0x99,0x8e,0x00,0x01,0x11,0xbb,0x84,0xff,0x00,0x55,0x9b,0x00,
    0x00,0xbb,0x83,0xff,0x02,0xdd,0x22,0x99,0x84,0xff,0x00,0x44,0x9e,0x00,0x00,0xbb,0x8a,0xff,0x01,0xcc,
    0x11,0x9a,0x00,0x01,0x44,0xdd,0x8c,0xff,0x01,0x99,0x11,0x92,0x00,0x00,0x99,0x87,0xff,0x00,0x88,0xc1,
    0x00,0x01,0x22,0xee,0x86,0xff,0x01,0xee,0x33,0x8a,0x00,0x00,0xbb,0x84,0xff,0x00,0x33,0x98,0x00,0x01,
    0x22,0xdd,0x89,0xff,0x01,0xbb,0x22,0xc6,0x00,0x00,0x33,0x89,0xff,0x03,0xee,0x22,0x00,0x11,0x8c,0x00,
    0x00,0x44,0x84,0xff,0x01,0xdd,0x22,0x9b,0x00,0x00,0xbb,0x83,0xff,0x02,0xdd,0x22,0xaa,0x84,0xff,0x00,
    0x44,0x9d,0x00,0x01,0x22,0xdd,0x8a,0xff,0x00,0x44,0x9a,0x00,0x01,0x33,0xdd,0x8c,0xff,0x01,0x99,0x11,
    0x93,0x00,0x00,0x99,0x87,0xff,0x00,0x88,0xc1,0x00,0x01,0x22,0xee,0x86,0xff,0x01,0xee,0x33,0x8a,0x00,
    0x00,0xcc,0x83,0xff,0x01,0xdd,0x22,0x98,0x00,0x00,0x88,0x89,0xff,0x01,0xee,0x44,0xc6,0x00,0x01,0x11,
    0xaa,0x89,0xff,0x03,0x88,0x00,0x11,0x11,0x8c,0x00,0x00,0x66,0x84,0xff,0x00,0xaa,0x9c,0x00,0x00,0xbb,
    0x83,0xff,0x02,0xdd,0x22,0xaa,0x84,0xff,0x00,0x44,0x9d,0x00,0x00,0xaa,0x8a,0xff,0x00,0x88,0x9a,0x00,
    0x01,0x22,0xdd,0x8b,0xff,0x02,0xee,0x77,0x11,0x94,0x00,0x00,0x99,0x87,0xff,0x00,0x88,0xc1,0x00,0x01,
    0x33,0xee,0x86,0xff,0x03,0xee,0x33,0x00,0x11,0x87,0x00,0x01,0x33,0xee,0x83,0xff,0x01,0xcc,0x11,0x95,
    0x00,0x03,0x11,0x00,0x44,0xee,0x89,0xff,0x00,0x88,0xc7,0x00,0x00,0x55,0x89,0xff,0x03,0xcc,0x00,0x00,
    0x11,0x8d,0x00,0x00,0x88,0x84,0xff,0x00,0x88,0x9c,0x00,0x00,0xcc,0x83,0xff,0x02,0xdd,0x22,0xaa,0x84,
    0xff,0x00,0x44,0x9c,0x00,0x01,0x44,0xee,0x89,0xff,0x02,0xaa,0x11,0x11,0x98,0x00,0x01,0x22,0xbb,0x8b,
    0xff,0x01,0xee,0x66,0x82,0x11,0x93,0x00,0x00,0x99,0x87,0xff,0x00,0x88,0xc1,0x00,0x01,0x33,0xee,0x86,
    0xff,0x03,0xee,0x33,0x00,0x11,0x87,0x00,0x00,0x44,0x84,0xff,0x00,0xbb,0x97,0x00,0x01,0x11,0xaa,0x89,
    0xff,0x01,0xee,0x33,0xc6,0x00,0x01,0x11,0xaa,0x89,0xff,0x00,0x66,0x8f,0x00,0x01,0x11,0xbb,0x84,0xff,
    0x00,0x66,0x9c,0x00,0x00,0xbb,0x83,0xff,0x02,0xdd,0x22,0x99,0x84,0xff,0x00,0x44,0x9a,0x00,0x02,0x11,
    0x22,0xcc,0x89,0xff,0x01,0xee,0x33,0x99,0x00,0x01,0x11,0xbb,0x8b,0xff,0x01,0xee,0x55,0x97,0x00,0x00,
    0x99,0x87,0xff,0x00,0x88,0xc1,0x00,0x01,0x33,0xee,0x86,0xff,0x03,0xee,0x33,0x00,0x11,0x87,0x00,0x00,
    0x66,0x84,0xff,0x00,0xaa,0x97,0x00,0x00,0x66,0x8a,0xff,0x00,0x77,0xc7,0x00,0x00,0x77,0x89,0xff,0x03,
    0xcc,0x11,0x00,0x11,0x8d,0x00,0x01,0x22,0xee,0x83,0xff,0x01,0xee,0x33,0x9c,0x00,0x00,0xbb,0x83,0xff,
    0x02,0xdd,0x22,0x99,0x84,0xff,0x00,0x44,0x9b,0x00,0x00,0x77,0x8a,0xff,0x00,0x77,0x99,0x00,0x01,0x11,
    0x88,0x8b,0xff,0x02,0xcc,0x55,0x11,0x97,0x00,0x00,0x99,0x87,0xff,0x00,0x88,0xc1,0x00,0x01,0x33,0xee,
    0x86,0xff,0x03,0xee,0x33,0x00,0x11,0x87,0x00,0x00,0x77,0x84,0xff,0x00,0x88,0x96,0x00,0x01,0x33,0xdd,
    0x89,0xff,0x02,0xaa,0x11,0x11,0xc5,0x00,0x01,0x22,0xcc,0x88,0xff,0x03,0xee,0x44,0x00,0x11,0x8e,0x00,
    0x01,0x44,0xee,0x83,0xff,0x01,0xdd,0x11,0x9c,0x00,0x00,0xbb,0x83,0xff,0x02,0xdd,0x22,0x99,0x84,0xff,
    0x00,0x44,0x9a,0x00,0x01,0x33,0xdd,0x89,0xff,0x04,0xbb,0x11,0x00,0x00,0x11,0x96,0x00,0x00,0x88,0x8b,
    0xff,0x01,0xee,0x44,0x99,0x00,0x00,0xaa,0x87,0xff,0x00,0x88,0xc1,0x00,0x01,0x33,0xee,0x86,0xff,0x03,
    0xee,0x33,0x00,0x11,0x87,0x00,0x00,0x88,0x84,0xff,0x00,0x55,0x96,0x00,0x00,0x77,0x89,0xff,0x01,0xee,
    0x44,0xc6,0x00,0x01,0x11,0x99,0x89,0xff,0x00,0xaa,0x91,0x00,0x00,0x66,0x84,0xff,0x00,0xaa,0x9d,0x00,
    0x00,0xbb,0x83,0xff,0x02,0xdd,0x22,0x99,0x84,0xff,0x00,0x44,0x99,0x00,0x01,0x11,0xaa,0x89,0xff,0x05,
    0xee,0x33,0x00,0x00,0x11,0x11,0x95,0x00,0x01,0x55,0xee,0x8a,0xff,0x01,0xee,0x55,0x9a,0x00,0x00,0xaa,
    0x87,0xff,0x00,0x88,0xc1,0x00,0x01,0x33,0xee,0x86,0xff,0x03,0xee,0x33,0x00,0x11,0x87,0x00,0x00,0x99,
    0x84,0xff,0x00,0x44,0x95,0x00,0x01,0x44,0xee,0x89,0xff,0x02,0x99,0x00,0x11,0xc5,0x00,0x01,0x22,0xee,
    0x89,0xff,0x02,0x33,0x00,0x11,0x8f,0x00,0x00,0x77,0x84,0xff,0x00,0x88,0x9d,0x00,0x00,0xbb,0x83,0xff,
    0x02,0xdd,0x22,0x99,0x84,0xff,0x00,0x44,0x99,0x00,0x00,0x55,0x8a,0xff,0x00,0x99,0x83,0x00,0x00,0x11,
    0x94,0x00,0x01,0x33,0xdd,0x8a,0xff,0x01,0xee,0x66,0x9b,0x00,0x00,0x99,0x87,0xff,0x00,0x88,0xc1,0x00,
    0x01,0x33,0xee,0x86,0xff,0x03,0xee,0x33,0x00,0x11,0x86,0x00,0x01,0x11,0xcc,0x83,0xff,0x01,0xee,0x33,
    0x94,0x00,0x01,0x11,0xbb,0x89,0xff,0x01,0xdd,0x22,0xc7,0x00,0x00,0x99,0x89,0xff,0x00,0xaa,0x91,0x00,
    0x01,0x11,0xaa,0x84,0xff,0x00,0x66,0x9d,0x00,0x00,0xbb,0x83,0xff,0x02,0xdd,0x22,0x99,0x84,0xff,0x00,
    0x55,0x98,0x00,0x01,0x11,0xaa,0x89,0xff,0x01,0xdd,0x33,0x98,0x00,0x01,0x11,0xcc,0x8a,0xff,0x01,0xee,
    0x66,0x9c,0x00,0x00,0x99,0x87,0xff,0x00,0x88,0xc1,0x00,0x01,0x33,0xee,0x86,0xff,0x03,0xee,0x33,0x00,
    0x11,0x86,0x00,0x01,0x22,0xee,0x83,0xff,0x01,0xdd,0x11,0x94,0x00,0x01,0x55,0xee,0x89,0xff,0x00,0x66,
    0xc7,0x00,0x00,0x55,0x89,0xff,0x01,0xdd,0x33,0x91,0x00,0x01,0x22,0xdd,0x83,0xff,0x01,0xee,0x33,0x9d,
    0x00,0x00,0xbb,0x83,0xff,0x02,0xdd,0x22,0x99,0x84,0xff,0x00,0x55,0x98,0x00,0x00,0x66,0x8a,0xff,0x00,
    0x77,0x98,0x00,0x01,0x11,0xaa,0x8a,0xff,0x01,0xee,0x88,0x9d,0x00,0x00,0x99,0x87,0xff,0x00,0x88,0xc1,
    0x00,0x01,0x33,0xee,0x86,0xff,0x03,0xee,0x33,0x00,0x11,0x86,0x00,0x01,0x33,0xee,0x83,0xff,0x01,0xcc,
    0x11,0x93,0x00,0x01,0x11,0xbb,0x89,0xff,0x01,0xbb,0x11,0xc6,0x00,0x01,0x11,0xaa,0x89,0xff,0x01,0x88,
    0x11,0x91,0x00,0x01,0x22,0xee,0x83,0xff,0x01,0xcc,0x11,0x9d,0x00,0x00,0xbb,0x83,0xff,0x02,0xdd,0x22,
    0x99,0x84,0xff,0x00,0x55,0x97,0x00,0x01,0x22,0xbb,0x8a,0xff,0x00,0x55,0x98,0x00,0x00,0x77,0x8b,0xff,
    0x00,0x88,0x9e,0x00,0x00,0xaa,0x87,0xff,0x00,0x88,0xc1,0x00,0x01,0x33,0xee,0x86,0xff,0x03,0xee,0x33,
    0x00,0x11,0x86,0x00,0x00,0x44,0x84,0xff,0x00,0xbb,0x94,0x00,0x00,0x88,0x89,0xff,0x01,0xee,0x22,0xc7,
    0x00,0x00,0x55,0x89,0xff,0x01,0xcc,0x33,0x92,0x00,0x01,0x33,0xee,0x83,0xff,0x00,0xbb,0x9e,0x00,0x00,
    0xbb,0x83,0xff,0x02,0xdd,0x22,0x99,0x84,0xff,0x00,0x55,0x97,0x00,0x00,0x66,0x8b,0xff,0x00,0x44,0x97,
    0x00,0x01,0x44,0xee,0x8a,0xff,0x01,0xbb,0x22,0x9d,0x00,0x01,0x11,0xaa,0x87,0xff,0x00,0x88,0xc1,0x00,
    0x01,0x33,0xee,0x86,0xff,0x03,0xee,0x33,0x00,0x11,0x86,0x00,0x00,0x55,0x84,0xff,0x00,0x99,0x93,0x00,
    0x01,0x22,0xee,0x89,0xff,0x00,0x77,0xc8,0x00,0x00,0xaa,0x89,0xff,0x02,0x66,0x00,0x11,0x91,0x00,0x00,
    0x55,0x84,0xff,0x00,0xaa,0x9e,0x00,0x00,0xbb,0x83,0xff,0x02,0xdd,0x22,0x99,0x84,0xff,0x00,0x44,0x97,
    0x00,0x00,0xbb,0x8b,0xff,0x00,0x44,0x96,0x00,0x01,0x11,0xcc,0x8a,0xff,0x01,0xbb,0x22,0x9e,0x00,0x01,
    0x11,0xaa,0x87,0xff,0x00,0x88,0xc1,0x00,0x01,0x33,0xee,0x86,0xff,0x03,0xee,0x33,0x00,0x11,0x86,0x00,
    0x00,0x77,0x84,0xff,0x00,0x66,0x91,0x00,0x02,0x11,0x11,0x99,0x89,0xff,0x01,0xcc,0x22,0xc7,0x00,0x00,
    0x77,0x89,0xff,0x01,0xcc,0x22,0x93,0x00,0x00,0x88,0x84,0xff,0x00,0x88,0x9e,0x00,0x00,0xbb,0x83,0xff,
    0x02,0xdd,0x22,0x99,0x84,0xff,0x00,0x44,0x96,0x00,0x00,0x55,0x8c,0xff,0x00,0x44,0x95,0x00,0x01,0x11,
    0x88,0x8a,0xff,0x01,0xee,0x44,0xa0,0x00,0x00,0x99,0x87,0xff,0x02,0x88,0x00,0x11,0xbf,0x00,0x01,0x33,
    0xee,0x86,0xff,0x03,0xee,0x33,0x00,0x11,0x86,0x00,0x00,0x88,0x84,0xff,0x00,0x55,0x92,0x00,0x00,0x66,
    0x8a,0xff,0x02,0x55,0x00,0x11,0xc5,0x00,0x01,0x33,0xdd,0x88,0xff,0x01,0xee,0x55,0x94,0x00,0x00,0xaa,
    0x84,0xff,0x00,0x66,0x9e,0x00,0x00,0xbb,0x83,0xff,0x02,0xdd,0x22,0x99,0x84,0xff,0x00,0x44,0x95,0x00,
    0x01,0x22,0xcc,0x8c,0xff,0x00,0x44,0x95,0x00,0x00,0x66,0x8a,0xff,0x02,0xee,0x44,0x11,0xa0,0x00,0x00,
    0x99,0x87,0xff,0x00,0x99,0xc1,0x00,0x01,0x33,0xee,0x86,0xff,0x03,0xee,0x33,0x00,0x11,0x86,0x00,0x00,
    0xaa,0x84,0xff,0x00,0x44,0x91,0x00,0x01,0x33,0xdd,0x89,0xff,0x00,0x99,0xc8,0x00,0x00,0x77,0x89,0xff,
    0x01,0xaa,0x11,0x94,0x00,0x00,0xbb,0x84,0xff,0x00,0x44,0x9e,0x00,0x00,0xbb,0x83,0xff,0x02,0xdd,0x22,
    0x99,0x84,0xff,0x00,0x44,0x95,0x00,0x00,0x66,0x8d,0xff,0x00,0x44,0x94,0x00,0x01,0x22,0xdd,0x8a,0xff,
    0x02,0x88,0x00,0x11,0xa0,0x00,0x00,0x99,0x87,0xff,0x00,0x99,0xc1,0x00,0x01,0x22,0xee,0x86,0xff,0x03,
    0xee,0x33,0x00,0x11,0x86,0x00,0x00,0xbb,0x83,0xff,0x01,0xee,0x33,0x91,0x00,0x00,0x88,0x89,0xff,0x01,
    0xee,0x33,0xc7,0x00,0x01,0x33,0xee,0x88,0xff,0x01,0xdd,0x44,0x94,0x00,0x01,0x11,0xcc,0x84,0xff,0x00,
    0x33,0x9e,0x00,0x00,0xbb,0x83,0xff,0x02,0xdd,0x22,0x99,0x84,0xff,0x00,0x44,0x94,0x00,0x01,0x22,0xcc,
    0x8d,0xff,0x00,0x44,0x93,0x00,0x01,0x11,0x99,0x8a,0xff,0x03,0xcc,0x22,0x00,0x11,0xa0,0x00,0x00,0xaa,
    0x87,0xff,0x00,0x88,0xc1,0x00,0x01,0x33,0xee,0x87,0xff,0x02,0x33,0x00,0x11,0x85,0x00,0x01,0x22,0xdd,
    0x83,0xff,0x01,0xdd,0x11,0x90,0x00,0x01,0x33,0xee,0x89,0xff,0x00,0x88,0xc8,0x00,0x00,0x88,0x89,0xff,
    0x00,0x88,0x95,0x00,0x01,0x22,0xdd,0x83,0xff,0x01,0xdd,0x22,0x9e,0x00,0x00,0xbb,0x83,0xff,0x02,0xdd,
    0x22,0x99,0x84,0xff,0x00,0x44,0x94,0x00,0x00,0x55,0x8e,0xff,0x00,0x44,0x93,0x00,0x00,0x44,0x8a,0xff,
    0x01,0xdd,0x33,0xa1,0x00,0x02,0x11,0x66,0xee,0x87,0xff,0x00,0x88,0xc1,0x00,0x01,0x33,0xee,0x87,0xff,
    0x02,0x44,0x00,0x11,0x85,0x00,0x01,0x33,0xee,0x83,0xff,0x01,0xcc,0x11,0x90,0x00,0x00,0xaa,0x89,0xff,
    0x03,0xcc,0x22,0x00,0x11,0xc5,0x00,0x01,0x33,0xee,0x88,0xff,0x01,0xee,0x33,0x95,0x00,0x01,0x33,0xee,
    0x83,0xff,0x01,0xbb,0x11,0x9e,0x00,0x00,0xbb,0x83,0xff,0x02,0xdd,0x22,0x99,0x84,0xff,0x00,0x44,0x94,
    0x00,0x00,0x99,0x8e,0xff,0x00,0x44,0x92,0x00,0x01,0x11,0xaa,0x89,0xff,0x01,0xee,0x44,0xa1,0x00,0x01,
    0x11,0x88,0x89,0xff,0x00,0x88,0xc1,0x00,0x01,0x33,0xee,0x87,0xff,0x00,0x44,0x87,0x00,0x01,0x33,0xee,
    0x83,0xff,0x00,0xbb,0x90,0x00,0x00,0x66,0x8a,0xff,0x00,0x55,0xc7,0x00,0x01,0x11,0xaa,0x89,0xff,0x00,
    0x88,0x96,0x00,0x00,0x44,0x84,0xff,0x00,0xaa,0x9f,0x00,0x00,0xbb,0x83,0xff,0x02,0xdd,0x22,0x99,0x84,
    0xff,0x00,0x55,0x93,0x00,0x01,0x44,0xee,0x8e,0xff,0x00,0x44,0x92,0x00,0x00,0x88,0x8a,0xff,0x00,0xaa,
    0x9e,0x00,0x04,0x11,0x11,0x00,0x33,0xaa,0x8a,0xff,0x00,0x88,0xc1,0x00,0x01,0x33,0xee,0x87,0xff,0x00,
    0x44,0x87,0x00,0x00,0x44,0x84,0xff,0x00,0xaa,0x8f,0x00,0x01,0x22,0xcc,0x89,0xff,0x01,0xbb,0x11,0xc7,
    0x00,0x00,0x66,0x89,0xff,0x01,0xdd,0x11,0x96,0x00,0x00,0x44,0x84,0xff,0x00,0x99,0x9f,0x00,0x00,0xbb,
    0x83,0xff,0x02,0xdd,0x22,0x99,0x84,0xff,0x00,0x55,0x93,0x00,0x00,0x99,0x8f,0xff,0x00,0x44,0x91,0x00,
    0x01,0x33,0xee,0x89,0xff,0x01,0xcc,0x22,0xa0,0x00,0x01,0x22,0xcc,0x8b,0xff,0x00,0x88,0xc1,0x00,0x01,
    0x33,0xee,0x87,0xff,0x00,0x33,0x87,0x00,0x00,0x66,0x84,0xff,0x00,0x99,0x8f,0x00,0x00,0x88,0x89,0xff,
    0x01,0xdd,0x22,0xc7,0x00,0x01,0x22,0xdd,0x89,0xff,0x00,0x77,0x97,0x00,0x00,0x66,0x84,0xff,0x00,0x88,
    0x9f,0x00,0x00,0xbb,0x83,0xff,0x02,0xdd,0x22,0x99,0x84,0xff,0x00,0x44,0x92,0x00,0x01,0x11,0xdd,0x88,
    0xff,0x01,0xee,0xee,0x84,0xff,0x00,0x44,0x90,0x00,0x01,0x11,0xaa,0x89,0xff,0x01,0xee,0x66,0xa0,0x00,
    0x01,0x55,0xdd,0x8c,0xff,0x00,0x88,0xc1,0x00,0x01,0x33,0xee,0x87,0xff,0x02,0x33,0x00,0x11,0x85,0x00,
    0x00,0x77,0x84,0xff,0x00,0x77,0x8e,0x00,0x01,0x33,0xee,0x89,0xff,0x00,0x66,0xc8,0x00,0x00,0x77,0x89,
    0xff,0x00,0xaa,0x96,0x00,0x02,0x11,0x00,0x99,0x84,0xff,0x00,0x66,0x9f,0x00,0x00,0xbb,0x83,0xff,0x02,
    0xdd,0x22,0x99,0x84,0xff,0x00,0x44,0x92,0x00,0x00,0x55,0x89,0xff,0x01,0xaa,0xaa,0x84,0xff,0x00,0x44,
    0x90,0x00,0x00,0x55,0x8a,0xff,0x00,0x99,0x9f,0x00,0x02,0x11,0x66,0xee,0x8d,0xff,0x00,0x88,0xc1,0x00,
    0x01,0x33,0xee,0x86,0xff,0x03,0xee,0x33,0x00,0x11,0x85,0x00,0x00,0x99,0x84,0xff,0x00,0x66,0x8e,0x00,
    0x00,0x99,0x89,0xff,0x01,0xcc,0x22,0xc7,0x00,0x01,0x22,0xdd,0x89,0xff,0x00,0x44,0x96,0x00,0x02,0x11,
    0x00,0xaa,0x84,0xff,0x00,0x55,0x9f,0x00,0x00,0xbb,0x83,0xff,0x02,0xdd,0x22,0x99,0x84,0xff,0x00,0x44,
    0x92,0x00,0x00,0xbb,0x89,0xff,0x01,0x44,0x99,0x84,0xff,0x00,0x44,0x8d,0x00,0x03,0x11,0x00,0x11,0xdd,
    0x89,0xff,0x01,0xdd,0x33,0x9c,0x00,0x04,0x11,0x11,0x00,0x66,0xee,0x8e,0xff,0x00,0x88,0xc1,0x00,0x01,
    0x33,0xee,0x86,0xff,0x03,0xee,0x33,0x00,0x11,0x85,0x00,0x00,0xaa,0x84,0xff,0x00,0x55,0x8d,0x00,0x00,
    0x55,0x89,0xff,0x01,0xee,0x55,0xc8,0x00,0x00,0x88,0x89,0xff,0x00,0xaa,0x98,0x00,0x01,0x11,0xaa,0x84,
    0xff,0x00,0x44,0x9f,0x00,0x00,0xbb,0x83,0xff,0x02,0xdd,0x33,0xaa,0x84,0xff,0x00,0x55,0x91,0x00,0x00,
    0x44,0x89,0xff,0x02,0xaa,0x11,0xaa,0x84,0xff,0x00,0x44,0x8d,0x00,0x02,0x11,0x11,0x66,0x8a,0xff,0x02,
    0x66,0x00,0x11,0x9d,0x00,0x01,0x55,0xee,0x8f,0xff,0x00,0x88,0xc1,0x00,0x01,0x33,0xee,0x86,0xff,0x03,
    0xee,0x33,0x00,0x11,0x85,0x00,0x00,0xbb,0x84,0xff,0x00,0x44,0x8d,0x00,0x00,0xcc,0x89,0xff,0x01,0xaa,
    0x11,0xc7,0x00,0x01,0x33,0xee,0x88,0xff,0x01,0xee,0x33,0x98,0x00,0x01,0x11,0xbb,0x84,0xff,0x00,0x33,
    0x9f,0x00,0x00,0xbb,0x83,0xff,0x02,0xdd,0x33,0xaa,0x84,0xff,0x00,0x55,0x91,0x00,0x00,0x88,0x89,0xff,
    0x02,0x55,0x00,0xbb,0x84,0xff,0x00,0x44,0x8e,0x00,0x01,0x22,0xcc,0x89,0xff,0x03,0xaa,0x11,0x00,0x11,
    0x9c,0x00,0x01,0x66,0xee,0x90,0xff,0x00,0x99,0xc1,0x00,0x01,0x33,0xee,0x87,0xff,0x02,0x33,0x00,0x11,
    0x85,0x00,0x00,0xcc,0x83,0xff,0x01,0xee,0x33,0x8c,0x00,0x00,0x77,0x89,0xff,0x01,0xdd,0x33,0xc8,0x00,
    0x00,0x99,0x89,0xff,0x00,0x99,0x99,0x00,0x01,0x11,0xdd,0x83,0xff,0x01,0xee,0x22,0x9f,0x00,0x00,0xbb,
    0x83,0xff,0x02,0xdd,0x33,0xaa,0x84,0xff,0x00,0x55,0x90,0x00,0x01,0x22,0xdd,0x88,0xff,0x03,0xdd,0x11,
    0x00,0xbb,0x84,0xff,0x00,0x44,0x8c,0x00,0x02,0x11,0x00,0x66,0x8a,0xff,0x00,0x44,0x9e,0x00,0x01,0x66,
    0xee,0x91,0xff,0x00,0x99,0xc1,0x00,0x01,0x33,0xee,0x87,0xff,0x02,0x44,0x00,0x11,0x84,0x00,0x01,0x11,
    0xdd,0x83,0xff,0x01,0xdd,0x22,0x8b,0x00,0x01,0x33,0xee,0x89,0xff,0x00,0x88,0xc8,0x00,0x00,0x44,0x89,
    0xff,0x01,0xee,0x33,0x99,0x00,0x01,0x11,0xdd,0x83,0xff,0x01,0xdd,0x11,0x9f,0x00,0x00,0xbb,0x83,0xff,
    0x02,0xdd,0x33,0xaa,0x84,0xff,0x00,0x55,0x90,0x00,0x00,0x77,0x89,0xff,0x03,0x99,0x00,0x11,0xbb,0x84,
    0xff,0x00,0x44,0x8d,0x00,0x01,0x11,0xcc,0x89,0xff,0x01,0x88,0x11,0x9d,0x00,0x01,0x33,0xdd,0x92,0xff,
    0x00,0x99,0xc1,0x00,0x01,0x33,0xee,0x87,0xff,0x02,0x33,0x00,0x11,0x84,0x00,0x01,0x11,0xdd,0x83,0xff,
    0x01,0xdd,0x11,0x8b,0x00,0x00,0x99,0x89,0xff,0x01,0xdd,0x22,0xc7,0x00,0x01,0x11,0xbb,0x89,0xff,0x02,
    0x88,0x00,0x11,0x98,0x00,0x01,0x22,0xee,0x83,0xff,0x01,0xcc,0x11,0x9f,0x00,0x00,0xbb,0x83,0xff,0x02,
    0xdd,0x33,0xaa,0x84,0xff,0x00,0x55,0x90,0x00,0x00,0xbb,0x88,0xff,0x04,0xee,0x33,0x00,0x00,0xaa,0x84,
    0xff,0x00,0x33,0x8d,0x00,0x00,0x66,0x89,0xff,0x02,0xee,0x22,0x11,0x9c,0x00,0x01,0x22,0xcc,0x93,0xff,
    0x00,0x99,0xc1,0x00,0x01,0x33,0xee,0x87,0xff,0x02,0x33,0x00,0x11,0x84,0x00,0x01,0x22,0xee,0x83,0xff,
    0x01,0xcc,0x11,0x8a,0x00,0x01,0x44,0xee,0x88,0xff,0x01,0xee,0x66,0xc8,0x00,0x00,0x66,0x89,0xff,0x01,
    0xcc,0x22,0x9a,0x00,0x01,0x33,0xee,0x83,0xff,0x01,0xcc,0x11,0x9f,0x00,0x00,0xbb,0x83,0xff,0x02,0xdd,
    0x22,0xaa,0x84,0xff,0x00,0x55,0x8f,0x00,0x01,0x22,0xee,0x88,0xff,0x00,0xbb,0x82,0x00,0x00,0xaa,0x84,
    0xff,0x00,0x44,0x8c,0x00,0x01,0x11,0xcc,0x89,0xff,0x00,0x88,0x9d,0x00,0x01,0x11,0xbb,0x94,0xff,0x00,
    0x99,0xc1,0x00,0x01,0x33,0xee,0x87,0xff,0x02,0x33,0x00,0x11,0x84,0x00,0x01,0x44,0xee,0x83,0xff,0x00,
    0xbb,0x8a,0x00,0x01,0x22,0xcc,0x89,0xff,0x00,0x99,0xc8,0x00,0x01,0x11,0xcc,0x89,0xff,0x00,0x66,0x9b,
    0x00,0x00,0x33,0x84,0xff,0x00,0xbb,0xa0,0x00,0x00,0xbb,0x83,0xff,0x02,0xdd,0x22,0xaa,0x84,0xff,0x00,
    0x44,0x8f,0x00,0x00,0x55,0x89,0xff,0x00,0x66,0x82,0x00,0x00,0xbb,0x84,0xff,0x00,0x44,0x8c,0x00,0x00,
    0x66,0x89,0xff,0x01,0xdd,0x33,0x9c,0x00,0x01,0x11,0x99,0x8b,0xff,0x01,0xdd,0xdd,0x87,0xff,0x00,0x99,
    0xc1,0x00,0x01,0x33,0xee,0x87,0xff,0x00,0x44,0x86,0x00,0x00,0x55,0x84,0xff,0x00,0x99,0x8a,0x00,0x00,
    0x88,0x89,0xff,0x01,0xee,0x33,0xc7,0x00,0x01,0x11,0x77,0x89,0xff,0x01,0xaa,0x11,0x9b,0x00,0x00,0x44,
    0x84,0xff,0x00,0x99,0xa0,0x00,0x00,0xbb,0x83,0xff,0x02,0xdd,0x22,0xaa,0x84,0xff,0x00,0x44,0x8e,0x00,
    0x01,0x11,0x99,0x88,0xff,0x01,0xcc,0x22,0x82,0x00,0x00,0xbb,0x84,0xff,0x00,0x33,0x8b,0x00,0x01,0x11,
    0xbb,0x89,0xff,0x00,0x88,0x9d,0x00,0x00,0x88,0x8b,0xff,0x02,0xdd,0x44,0x99,0x87,0xff,0x00,0x99,0xc1,
    0x00,0x00,0x33,0x88,0xff,0x00,0x33,0x86,0x00,0x00,0x66,0x84,0xff,0x00,0x88,0x89,0x00,0x01,0x33,0xee,
    0x89,0xff,0x00,0x77,0xc8,0x00,0x01,0x22,0xdd,0x88,0xff,0x03,0xee,0x44,0x00,0x11,0x9a,0x00,0x00,0x44,
    0x84,0xff,0x00,0x99,0xa0,0x00,0x00,0xbb,0x83,0xff,0x02,0xdd,0x22,0xaa,0x84,0xff,0x00,0x44,0x8e,0x00,
    0x01,0x33,0xee,0x88,0xff,0x00,0x88,0x83,0x00,0x00,0xaa,0x84,0xff,0x00,0x44,0x8b,0x00,0x00,0x66,0x89,
    0xff,0x01,0xdd,0x11,0x9c,0x00,0x00,0x55,0x8b,0xff,0x03,0xdd,0x33,0x00,0x99,0x87,0xff,0x00,0x99,0xc1,
    0x00,0x01,0x33,0xee,0x87,0xff,0x00,0x33,0x86,0x00,0x00,0x66,0x84,0xff,0x00,0x77,0x88,0x00,0x01,0x11,
    0xbb,0x89,0xff,0x01,0xaa,0x11,0xc7,0x00,0x01,0x11,0x99,0x89,0xff,0x00,0xaa,0x9d,0x00,0x00,0x55,0x84,
    0xff,0x00,0x99,0xa0,0x00,0x00,0xbb,0x83,0xff,0x02,0xdd,0x22,0x99,0x84,0xff,0x00,0x44,0x8e,0x00,0x00,
    0x66,0x89,0xff,0x00,0x66,0x83,0x00,0x00,0xaa,0x84,0xff,0x00,0x33,0x8b,0x00,0x00,0xaa,0x89,0xff,0x00,
    0x77,0x9c,0x00,0x01,0x22,0xcc,0x8a,0xff,0x04,0xdd,0x44,0x00,0x00,0x99,0x87,0xff,0x00,0x99,0xc1,0x00,
    0x01,0x33,0xee,0x86,0xff,0x01,0xee,0x33,0x86,0x00,0x00,0x77,0x84,0xff,0x00,0x66,0x88,0x00,0x00,0x55,
    0x89,0xff,0x03,0xee,0x44,0x00,0x11,0xc6,0x00,0x01,0x44,0xee,0x88,0xff,0x03,0xee,0x44,0x00,0x11,0x9b,
    0x00,0x00,0x66,0x84,0xff,0x00,0x99,0xa0,0x00,0x00,0xbb,0x83,0xff,0x02,0xdd,0x22,0x99,0x84,0xff,0x00,
    0x44,0x8d,0x00,0x01,0x11,0xbb,0x88,0xff,0x01,0xdd,0x22,0x83,0x00,0x00,0xbb,0x84,0xff,0x00,0x44,0x8a,
    0x00,0x01,0x33,0xee,0x88,0xff,0x01,0xdd,0x33,0x9c,0x00,0x00,0xaa,0x8a,0xff,0x01,0xee,0x33,0x82,0x00,
    0x00,0x99,0x87,0xff,0x00,0x99,0xc1,0x00,0x01,0x33,0xee,0x86,0xff,0x03,0xee,0x33,0x00,0x11,0x82,0x00,
    0x02,0x11,0x00,0x88,0x84,0xff,0x00,0x55,0x85,0x00,0x03,0x11,0x00,0x11,0xcc,0x89,0xff,0x00,0x88,0xc9,
    0x00,0x00,0xbb,0x89,0xff,0x00,0x77,0x9e,0x00,0x00,0x66,0x84,0xff,0x00,0x88,0xa0,0x00,0x00,0xbb,0x83,
    0xff,0x02,0xdd,0x22,0x99,0x84,0xff,0x00,0x55,0x8d,0x00,0x01,0x33,0xdd,0x88,0xff,0x00,0xaa,0x84,0x00,
    0x00,0xbb,0x84,0xff,0x00,0x44,0x8a,0x00,0x00,0x88,0x89,0xff,0x00,0x88,0x9b,0x00,0x01,0x11,0x77,0x8b,
    0xff,0x00,0x66,0x83,0x00,0x00,0x99,0x87,0xff,0x00,0x99,0xc1,0x00,0x01,0x33,0xee,0x86,0xff,0x09,0xee,
    0x33,0x00,0x11,0x00,0x00,0x11,0x11,0x00,0x99,0x84,0xff,0x00,0x55,0x85,0x00,0x02,0x11,0x00,0x77,0x89,
    0xff,0x01,0xdd,0x22,0xc8,0x00,0x00,0x55,0x89,0xff,0x01,0xdd,0x33,0x9e,0x00,0x00,0x77,0x84,0xff,0x00,
    0x88,0xa0,0x00,0x00,0xbb,0x83,0xff,0x02,0xdd,0x22,0x99,0x84,0xff,0x00,0x44,0x8d,0x00,0x00,0x66,0x89,
    0xff,0x00,0x66,0x84,0x00,0x00,0xbb,0x84,0xff,0x00,0x44,0x88,0x00,0x02,0x11,0x11,0xcc,0x88,0xff,0x01,
    0xcc,0x22,0x9b,0x00,0x01,0x33,0xee,0x8a,0xff,0x01,0x88,0x11,0x83,0x00,0x00,0x99,0x87,0xff,0x00,0x99,
    0xc1,0x00,0x01,0x33,0xee,0x86,0xff,0x03,0xee,0x33,0x00,0x11,0x84,0x00,0x00,0xaa,0x84,0xff,0x00,0x44,
    0x86,0x00,0x01,0x22,0xdd,0x89,0xff,0x00,0x77,0xc9,0x00,0x00,0xbb,0x89,0xff,0x01,0x77,0x11,0x9e,0x00,
    0x00,0x77,0x84,0xff,0x00,0x77,0xa0,0x00,0x00,0xcc,0x83,0xff,0x02,0xdd,0x22,0xaa,0x84,0xff,0x00,0x55,
    0x8d,0x00,0x00,0x99,0x88,0xff,0x01,0xee,0x44,0x84,0x00,0x00,0xbb,0x84,0xff,0x02,0x44,0x00,0x11,0x85,
    0x00,0x03,0x11,0x00,0x55,0xee,0x88,0xff,0x02,0x77,0x00,0x11,0x99,0x00,0x01,0x11,0xaa,0x8a,0xff,0x00,
    0xaa,0x82,0x11,0x82,0x00,0x00,0x99,0x87,0xff,0x00,0x99,0xc1,0x00,0x01,0x33,0xee,0x86,0xff,0x03,0xee,
    0x33,0x00,0x11,0x84,0x00,0x00,0xaa,0x84,0xff,0x00,0x44,0x86,0x00,0x00,0x99,0x89,0xff,0x01,0xbb,0x11,
    0xc8,0x00,0x01,0x55,0xee,0x88,0xff,0x01,0xdd,0x22,0x9f,0x00,0x00,0x88,0x84,0xff,0x00,0x66,0xa0,0x00,
    0x00,0xbb,0x83,0xff,0x02,0xdd,0x22,0xaa,0x84,0xff,0x00,0x55,0x8c,0x00,0x01,0x11,0xbb,0x88,0xff,0x01,
    0xbb,0x11,0x84,0x00,0x00,0xaa,0x84,0xff,0x02,0x44,0x00,0x11,0x87,0x00,0x00,0xaa,0x88,0xff,0x03,0xee,
    0x44,0x00,0x11,0x99,0x00,0x00,0x66,0x8a,0xff,0x04,0xcc,0x22,0x00,0x11,0x11,0x82,0x00,0x00,0x99,0x87,
    0xff,0x00,0x99,0xc1,0x00,0x01,0x33,0xee,0x86,0xff,0x03,0xee,0x33,0x00,0x11,0x84,0x00,0x00,0xbb,0x83,
    0xff,0x01,0xee,0x33,0x85,0x00,0x00,0x44,0x89,0xff,0x01,0xee,0x44,0xc8,0x00,0x01,0x22,0xdd,0x89,0xff,
    0x00,0x66,0xa0,0x00,0x00,0x88,0x84,0xff,0x00,0x66,0xa0,0x00,0x00,0xbb,0x83,0xff,0x02,0xdd,0x22,0x99,
    0x84,0xff,0x00,0x44,0x8c,0x00,0x01,0x22,0xee,0x88,0xff,0x00,0x55,0x85,0x00,0x00,0xaa,0x84,0xff,0x00,
    0x44,0x88,0x00,0x01,0x33,0xee,0x88,0xff,0x02,0xcc,0x22,0x11,0x99,0x00,0x01,0x22,0xdd,0x89,0xff,0x01,
    0xdd,0x44,0x86,0x00,0x00,0x99,0x87,0xff,0x00,0x88,0xc1,0x00,0x01,0x33,0xee,0x86,0xff,0x05,0xee,0x33,
    0x00,0x11,0x00,0x00,0x82,0x11,0x00,0xcc,0x83,0xff,0x01,0xdd,0x22,0x84,0x00,0x01,0x22,0xcc,0x89,0xff,
    0x00,0x99,0xc9,0x00,0x00,0x88,0x89,0xff,0x00,0xaa,0xa1,0x00,0x00,0x88,0x84,0xff,0x00,0x66,0xa0,0x00,
    0x00,0xbb,0x83,0xff,0x02,0xdd,0x22,0x99,0x84,0xff,0x00,0x44,0x8c,0x00,0x00,0x77,0x88,0xff,0x04,0xee,
    0x33,0x00,0x00,0x11,0x82,0x00,0x00,0xaa,0x84,0xff,0x00,0x44,0x88,0x00,0x00,0x66,0x89,0xff,0x02,0x66,
    0x00,0x11,0x99,0x00,0x00,0x88,0x8a,0xff,0x00,0x88,0x87,0x00,0x00,0x99,0x87,0xff,0x00,0x88,0xc1,0x00,
    0x01,0x33,0xee,0x86,0xff,0x03,0xee,0x33,0x00,0x11,0x83,0x00,0x01,0x22,0xdd,0x83,0xff,0x01,0xdd,0x11,
    0x84,0x00,0x00,0x77,0x89,0xff,0x01,0xdd,0x33,0xc8,0x00,0x01,0x33,0xdd,0x88,0xff,0x01,0xee,0x33,0xa1,
    0x00,0x00,0x88,0x84,0xff,0x00,0x66,0xa0,0x00,0x00,0xbb,0x83,0xff,0x02,0xdd,0x22,0x99,0x84,0xff,0x00,
    0x44,0x8c,0x00,0x00,0xaa,0x88,0xff,0x02,0xbb,0x00,0x00,0x83,0x11,0x01,0x00,0xaa,0x84,0xff,0x00,0x33,
    0x88,0x00,0x00,0xbb,0x88,0xff,0x03,0xdd,0x22,0x00,0x11,0x83,0x00,0x01,0x11,0x11,0x92,0x00,0x01,0x33,
    0xee,0x89,0xff,0x01,0xcc,0x22,0x87,0x00,0x00,0x99,0x87,0xff,0x00,0x99,0xc1,0x00,0x01,0x33,0xee,0x86,
    0xff,0x04,0xee,0x33,0x00,0x11,0x11,0x82,0x00,0x01,0x11,0xdd,0x83,0xff,0x02,0xcc,0x11,0x11,0x82,0x00,
    0x01,0x33,0xdd,0x89,0xff,0x00,0x77,0xc8,0x00,0x01,0x11,0xbb,0x89,0xff,0x02,0x88,0x00,0x11,0x83,0x00,
    0x01,0x11,0x11,0x97,0x00,0x03,0x11,0x00,0x00,0x99,0x84,0xff,0x00,0x66,0xa0,0x00,0x00,0xbb,0x83,0xff,
    0x02,0xdd,0x22,0x99,0x84,0xff,0x00,0x44,0x8c,0x00,0x00,0xbb,0x88,0xff,0x00,0x88,0x86,0x00,0x00,0x99,
    0x84,0xff,0x00,0x33,0x87,0x00,0x01,0x33,0xee,0x88,0xff,0x03,0x99,0x00,0x00,0x11,0x83,0x00,0x00,0x11,
    0x93,0x00,0x00,0x77,0x89,0xff,0x03,0xee,0x44,0x00,0x11,0x86,0x00,0x00,0xaa,0x87,0xff,0x00,0x99,0xc1,
    0x00,0x01,0x33,0xee,0x86,0xff,0x01,0xee,0x33,0x85,0x00,0x01,0x11,0xdd,0x83,0xff,0x00,0xbb,0x84,0x00,
    0x00,0x88,0x89,0xff,0x01,0xcc,0x22,0xc8,0x00,0x01,0x44,0xee,0x88,0xff,0x03,0xee,0x22,0x00,0x11,0xa0,
    0x00,0x00,0x88,0x84,0xff,0x00,0x55,0xa0,0x00,0x00,0xbb,0x83,0xff,0x02,0xdd,0x22,0x99,0x84,0xff,0x02,
    0x44,0x00,0x11,0x87,0x00,0x03,0x11,0x11,0x33,0xee,0x88,0xff,0x00,0x55,0x86,0x00,0x00,0x99,0x83,0xff,
    0x01,0xee,0x33,0x87,0x00,0x00,0x66,0x89,0xff,0x02,0x55,0x00,0x11,0x98,0x00,0x01,0x33,0xdd,0x89,0xff,
    0x00,0x88,0x89,0x00,0x00,0xaa,0x87,0xff,0x00,0x99,0xc1,0x00,0x01,0x33,0xee,0x87,0xff,0x00,0x44,0x85,
    0x00,0x00,0x33,0x84,0xff,0x05,0xcc,0x11,0x00,0x11,0x11,0x44,0x89,0xff,0x01,0xee,0x33,0xc7,0x00,0x02,
    0x11,0x11,0xbb,0x89,0xff,0x00,0x99,0xa3,0x00,0x00,0x99,0x84,0xff,0x00,0x55,0x94,0x00,0x02,0x11,0x00,
    0x11,0x88,0x00,0x00,0xbb,0x83,0xff,0x02,0xdd,0x33,0x99,0x84,0xff,0x00,0xdd,0x8b,0xcc,0x00,0xdd,0x89,
    0xff,0x00,0xdd,0x86,0xbb,0x00,0xee,0x84,0xff,0x02,0xdd,0xbb,0xcc,0x84,0xbb,0x01,0xcc,0xee,0x89,0xff,
    0x00,0xcc,0x97,0xbb,0x03,0xcc,0xcc,0xbb,0xdd,0x8a,0xff,0x00,0xdd,0x87,0xbb,0x02,0xaa,0xbb,0xee,0x87,
    0xff,0x00,0x99,0xc1,0x00,0x01,0x33,0xee,0x87,0xff,0x00,0xcc,0x85,0xbb,0x00,0xcc,0x84,0xff,0x00,0xee,
    0x82,0xbb,0x01,0xcc,0xee,0x89,0xff,0x00,0x99,0xc9,0x00,0x00,0x66,0x8a,0xff,0x00,0xcc,0x9e,0xbb,0x00,
    0xaa,0x83,0xbb,0x00,0xee,0x84,0xff,0x02,0xcc,0xbb,0xcc,0x90,0xbb,0x86,0xaa,0x07,0xbb,0xbb,0xaa,0xaa,
    0xbb,0xaa,0xaa,0xee,0x83,0xff,0x02,0xdd,0x22,0x99,0xfa,0xff,0x00,0x99,0xc1,0x00,0x01,0x33,0xee,0xa3,
    0xff,0x01,0xdd,0x22,0xc8,0x00,0x01,0x11,0xbb,0xdc,0xff,0x02,0xdd,0x22,0x99,0xfa,0xff,0x02,0x99,0x00,
    0x11,0xbf,0x00,0x01,0x33,0xee,0xa3,0xff,0x00,0x77,0xc9,0x00,0x00,0x66,0xdd,0xff,0x02,0xdd,0x22,0x99,
    0xfa,0xff,0x00,0x99,0xc1,0x00,0x01,0x33,0xee,0xa2,0xff,0x01,0xbb,0x11,0xc8,0x00,0x01,0x22,0xcc,0xdd,
    0xff,0x02,0xdd,0x22,0x99,0xfa,0xff,0x00,0x88,0xc1,0x00,0x01,0x33,0xee,0xa1,0xff,0x01,0xee,0x44,0xc9,
    0x00,0x00,0x99,0xde,0xff,0x02,0xdd,0x22,0xaa,0x84,0xff,0x00,0xee,0x8a,0xdd,0x00,0xee,0x89,0xff,0x89,
    0xee,0x84,0xff,0x87,0xee,0x89,0xff,0x9b,0xee,0x8a,0xff,0x8d,0xee,0x88,0xff,0x00,0x88,0xc1,0x00,0x01,
    0x33,0xee,0x88,0xff,0x00,0xee,0x82,0xff,0x00,0xee,0x93,0xff,0x00,0x88,0xc9,0x00,0x01,0x33,0xee,0xb8,
    0xff,0x00,0xee,0x9e,0xff,0x00,0xee,0x84,0xff,0x02,0xee,0x33,0xaa,0x84,0xff,0x00,0x66,0x8a,0x22,0x00,
    0xbb,0x88,0xff,0x00,0xbb,0x87,0x33,0x01,0x22,0xbb,0x84,0xff,0x07,0x77,0x22,0x33,0x22,0x22,0x33,0x22,
    0x99,0x88,0xff,0x03,0xee,0x44,0x22,0x22,0x8f,0x33,0x01,0x22,0x33,0x85,0x22,0x00,0x66,0x89,0xff,0x03,
    0xcc,0x44,0x33,0x22,0x83,0x33,0x00,0x22,0x83,0x33,0x02,0x22,0x33,0xbb,0x87,0xff,0x00,0x88,0xc1,0x00,
    0x01,0x33,0xee,0x87,0xff,0x00,0x66,0x82,0x33,0x03,0x44,0x33,0x33,0x99,0x84,0xff,0x01,0xaa,0xcc,0x89,
    0xff,0x01,0xdd,0x22,0xc8,0x00,0x01,0x22,0xaa,0x89,0xff,0x04,0x99,0x55,0x44,0x33,0x33,0x85,0x44,0x82,
    0x33,0x85,0x44,0x82,0x33,0x85,0x44,0x82,0x33,0x85,0x44,0x82,0x33,0x00,0xbb,0x84,0xff,0x03,0x77,0x33,
    0x44,0x33,0x89,0x44,0x03,0x33,0x33,0x44,0x44,0x86,0x33,0x00,0x44,0x84,0x33,0x03,0x44,0x33,0x44,0xcc,
    0x83,0xff,0x02,0xee,0x33,0xaa,0x84,0xff,0x00,0x55,0x8a,0x00,0x00,0xbb,0x88,0xff,0x00,0x66,0x88,0x00,
    0x00,0x99,0x84,0xff,0x00,0x55,0x85,0x00,0x00,0xaa,0x88,0xff,0x00,0xbb,0x9a,0x00,0x00,0x88,0x89,0xff,
    0x00,0x66,0x8d,0x00,0x00,0x99,0x87,0xff,0x00,0x88,0xc1,0x00,0x01,0x33,0xee,0x86,0xff,0x01,0xee,0x44,
    0x85,0x00,0x00,0x66,0x84,0xff,0x01,0xaa,0xdd,0x89,0xff,0x00,0x66,0xc9,0x00,0x00,0x55,0x89,0xff,0x01,
    0xdd,0x22,0xa7,0x00,0x00,0x99,0x84,0xff,0x00,0x44,0xa0,0x00,0x00,0xbb,0x83,0xff,0x02,0xdd,0x22,0x99,
    0x84,0xff,0x00,0x55,0x85,0x00,0x82,0x11,0x02,0x00,0x33,0xee,0x88,0xff,0x00,0x44,0x88,0x00,0x00,0x88,
    0x84,0xff,0x07,0x66,0x00,0x11,0x11,0x00,0x00,0x22,0xdd,0x88,0xff,0x02,0x88,0x00,0x11,0x8b,0x00,0x00,
    0x11,0x88,0x00,0x82,0x11,0x00,0xbb,0x88,0xff,0x01,0xee,0x11,0x8c,0x00,0x01,0x11,0xaa,0x87,0xff,0x00,
    0x99,0xc1,0x00,0x01,0x33,0xee,0x87,0xff,0x02,0x44,0x00,0x11,0x83,0x00,0x00,0x77,0x8f,0xff,0x00,0xbb,
    0xc9,0x00,0x01,0x11,0xbb,0x89,0xff,0x00,0x77,0xa1,0x00,0x01,0x11,0x11,0x84,0x00,0x00,0x99,0x84,0xff,
    0x00,0x66,0x94,0x00,0x01,0x11,0x11,0x82,0x00,0x82,0x11,0x82,0x00,0x01,0x11,0xcc,0x83,0xff,0x02,0xdd,
    0x22,0x99,0x84,0xff,0x00,0x44,0x87,0x00,0x02,0x11,0x00,0x44,0x88,0xff,0x01,0xee,0x33,0x84,0x00,0x00,
    0x11,0x82,0x00,0x00,0x88,0x84,0xff,0x07,0x77,0x00,0x11,0x11,0x00,0x00,0x44,0xee,0x88,0xff,0x00,0x44,
    0x99,0x00,0x01,0x22,0xee,0x88,0xff,0x00,0x99,0x8d,0x00,0x01,0x11,0xaa,0x87,0xff,0x00,0x99,0xc1,0x00,
    0x01,0x33,0xee,0x87,0xff,0x02,0x33,0x00,0x11,0x83,0x00,0x00,0x77,0x8e,0xff,0x01,0xee,0x33,0xc9,0x00,
    0x00,0x55,0x89,0xff,0x01,0xdd,0x22,0xa8,0x00,0x00,0x99,0x84,0xff,0x00,0x66,0x9f,0x00,0x01,0x11,0xcc,
    0x83,0xff,0x02,0xdd,0x22,0x99,0x84,0xff,0x00,0x44,0x89,0x00,0x00,0x66,0x88,0xff,0x01,0xdd,0x22,0x88,
    0x00,0x00,0x88,0x84,0xff,0x02,0x77,0x00,0x11,0x82,0x00,0x00,0x66,0x88,0xff,0x01,0xee,0x22,0x99,0x00,
    0x00,0x77,0x89,0xff,0x00,0x44,0x8d,0x00,0x01,0x11,0xaa,0x87,0xff,0x00,0x99,0xc1,0x00,0x00,0x33,0x88,
    0xff,0x00,0x33,0x85,0x00,0x00,0x77,0x8e,0xff,0x00,0x77,0xc9,0x00,0x01,0x11,0xbb,0x88,0xff,0x01,0xee,
    0x55,0xa9,0x00,0x00,0x99,0x84,0xff,0x00,0x66,0x9f,0x00,0x01,0x11,0xcc,0x83,0xff,0x02,0xdd,0x22,0x88,
    0x84,0xff,0x00,0x44,0x89,0x00,0x00,0x77,0x88,0xff,0x00,0xbb,0x89,0x00,0x00,0x77,0x84,0xff,0x02,0x77,
    0x00,0x11,0x82,0x00,0x00,0x77,0x88,0xff,0x01,0xbb,0x11,0x98,0x00,0x01,0x11,0xdd,0x88,0xff,0x01,0xbb,
    0x11,0x8e,0x00,0x00,0x99,0x87,0xff,0x00,0x99,0xc1,0x00,0x01,0x33,0xee,0x87,0xff,0x00,0x33,0x85,0x00,
    0x00,0x77,0x8d,0xff,0x01,0xdd,0x22,0xc9,0x00,0x00,0x77,0x89,0xff,0x02,0xbb,0x11,0x11,0xa8,0x00,0x00,
    0x88,0x84,0xff,0x00,0x66,0xa0,0x00,0x00,0xcc,0x83,0xff,0x02,0xdd,0x22,0x88,0x84,0xff,0x00,0x44,0x89,
    0x00,0x00,0xaa,0x88,0xff,0x00,0x99,0x89,0x00,0x00,0x66,0x84,0xff,0x00,0x77,0x84,0x00,0x00,0xaa,0x88,
    0xff,0x00,0x88,0x99,0x00,0x01,0x44,0xee,0x88,0xff,0x00,0x77,0x8f,0x00,0x00,0xaa,0x87,0xff,0x00,0x99,
    0xc1,0x00,0x01,0x33,0xee,0x87,0xff,0x00,0x33,0x85,0x00,0x00,0x88,0x8d,0xff,0x00,0x55,0xc9,0x00,0x01,
    0x22,0xdd,0x88,0xff,0x01,0xee,0x55,0xaa,0x00,0x00,0x77,0x84,0xff,0x00,0x77,0xa0,0x00,0x00,0xbb,0x83,
    0xff,0x02,0xdd,0x22,0x88,0x84,0xff,0x00,0x44,0x89,0x00,0x00,0xcc,0x88,0xff,0x00,0x66,0x89,0x00,0x00,
    0x66,0x84,0xff,0x06,0x88,0x00,0x00,0x11,0x00,0x22,0xcc,0x88,0xff,0x00,0x66,0x99,0x00,0x00,0x66,0x89,
    0xff,0x00,0x44,0x8f,0x00,0x00,0xaa,0x87,0xff,0x00,0x99,0xc1,0x00,0x01,0x33,0xee,0x87,0xff,0x02,0x33,
    0x00,0x11,0x83,0x00,0x00,0x88,0x8c,0xff,0x01,0xbb,0x11,0xc9,0x00,0x00,0x77,0x89,0xff,0x00,0xaa,0xab,
    0x00,0x00,0x77,0x84,0xff,0x00,0x77,0xa0,0x00,0x00,0xbb,0x83,0xff,0x02,0xdd,0x22,0x99,0x84,0xff,0x00,
    0x44,0x88,0x00,0x01,0x11,0xdd,0x88,0xff,0x00,0x55,0x89,0x00,0x00,0x55,0x84,0xff,0x00,0x99,0x83,0x00,
    0x01,0x33,0xee,0x87,0xff,0x01,0xee,0x44,0x99,0x00,0x00,0xaa,0x88,0xff,0x01,0xcc,0x11,0x8f,0x00,0x00,
    0xaa,0x87,0xff,0x00,0x99,0xc1,0x00,0x01,0x33,0xee,0x87,0xff,0x00,0x33,0x85,0x00,0x00,0x88,0x8b,0xff,
    0x03,0xee,0x44,0x00,0x11,0xc7,0x00,0x01,0x33,0xdd,0x88,0xff,0x01,0xee,0x33,0xab,0x00,0x00,0x66,0x84,
    0xff,0x00,0x88,0xa0,0x00,0x00,0xbb,0x83,0xff,0x02,0xdd,0x22,0x99,0x84,0xff,0x00,0x44,0x88,0x00,0x01,
    0x22,0xdd,0x87,0xff,0x01,0xee,0x33,0x89,0x00,0x00,0x44,0x84,0xff,0x00,0xaa,0x83,0x00,0x01,0x33,0xee,
    0x87,0xff,0x01,0xdd,0x22,0x99,0x00,0x00,0xcc,0x88,0xff,0x00,0x77,0x90,0x00,0x00,0x99,0x87,0xff,0x00,
    0x99,0xc1,0x00,0x01,0x33,0xee,0x87,0xff,0x00,0x33,0x85,0x00,0x00,0x88,0x8b,0xff,0x02,0x88,0x00,0x11,
    0xc6,0x00,0x02,0x11,0x11,0xaa,0x89,0xff,0x00,0x88,0xac,0x00,0x00,0x66,0x84,0xff,0x00,0x88,0xa0,0x00,
    0x00,0xbb,0x83,0xff,0x02,0xdd,0x22,0x99,0x84,0xff,0x00,0x44,0x88,0x00,0x01,0x33,0xee,0x87,0xff,0x01,
    0xee,0x22,0x89,0x00,0x00,0x33,0x84,0xff,0x00,0xbb,0x83,0x00,0x00,0x55,0x88,0xff,0x01,0xbb,0x11,0x98,
    0x00,0x01,0x33,0xee,0x88,0xff,0x00,0x44,0x90,0x00,0x00,0x99,0x87,0xff,0x00,0x88,0xc1,0x00,0x01,0x33,
    0xee,0x87,0xff,0x00,0x33,0x85,0x00,0x00,0x88,0x8a,0xff,0x01,0xbb,0x11,0xc9,0x00,0x00,0x66,0x89,0xff,
    0x01,0xdd,0x22,0xac,0x00,0x00,0x66,0x84,0xff,0x00,0x88,0xa0,0x00,0x00,0xbb,0x83,0xff,0x02,0xdd,0x22,
    0x88,0x84,0xff,0x00,0x44,0x88,0x00,0x00,0x55,0x88,0xff,0x01,0xdd,0x11,0x89,0x00,0x01,0x33,0xee,0x83,
    0xff,0x00,0xcc,0x83,0x00,0x00,0x99,0x88,0xff,0x00,0x99,0x97,0x00,0x02,0x11,0x00,0x66,0x88,0xff,0x01,
    0xdd,0x22,0x90,0x00,0x00,0xaa,0x87,0xff,0x00,0x88,0xc1,0x00,0x01,0x33,0xee,0x87,0xff,0x02,0x33,0x00,
    0x11,0x83,0x00,0x00,0x88,0x8a,0xff,0x00,0x66,0xca,0x00,0x00,0xbb,0x89,0xff,0x00,0x77,0xad,0x00,0x00,
    0x66,0x84,0xff,0x00,0x88,0xa0,0x00,0x00,0xbb,0x83,0xff,0x02,0xdd,0x22,0x88,0x84,0xff,0x00,0x44,0x82,
    0x00,0x00,0x11,0x84,0x00,0x00,0x66,0x88,0xff,0x01,0xbb,0x11,0x89,0x00,0x01,0x22,0xdd,0x83,0xff,0x01,
    0xdd,0x11,0x82,0x00,0x00,0xbb,0x88,0xff,0x00,0x77,0x97,0x00,0x02,0x11,0x00,0x88,0x88,0xff,0x00,0xbb,
    0x91,0x00,0x00,0xaa,0x87,0xff,0x00,0x88,0xc1,0x00,0x01,0x33,0xee,0x87,0xff,0x02,0x33,0x00,0x11,0x83,
    0x00,0x00,0x99,0x89,0xff,0x01,0xaa,0x22,0xc9,0x00,0x01,0x44,0xee,0x88,0xff,0x01,0xcc,0x11,0xad,0x00,
    0x00,0x66,0x84,0xff,0x00,0x88,0xa0,0x00,0x00,0xbb,0x83,0xff,0x02,0xdd,0x22,0x88,0x84,0xff,0x00,0x44,
    0x82,0x00,0x00,0x11,0x84,0x00,0x00,0x66,0x88,0xff,0x00,0xaa,0x8a,0x00,0x01,0x11,0xcc,0x83,0xff,0x01,
    0xdd,0x22,0x82,0x00,0x00,0xbb,0x88,0xff,0x00,0x66,0x99,0x00,0x00,0xcc,0x88,0xff,0x00,0x99,0x91,0x00,
    0x00,0xaa,0x87,0xff,0x00,0x88,0xc1,0x00,0x01,0x33,0xee,0x87,0xff,0x02,0x33,0x00,0x11,0x82,0x00,0x01,
    0x33,0xdd,0x88,0xff,0x01,0xee,0x44,0xc9,0x00,0x01,0x22,0xcc,0x88,0xff,0x01,0xee,0x55,0xae,0x00,0x00,
    0x66,0x84,0xff,0x00,0x88,0xa0,0x00,0x00,0xbb,0x83,0xff,0x02,0xdd,0x33,0x88,0x84,0xff,0x00,0x44,0x82,
    0x00,0x00,0x11,0x84,0x00,0x00,0x77,0x88,0xff,0x00,0x99,0x8b,0x00,0x00,0xbb,0x83,0xff,0x05,0xdd,0x33,
    0x00,0x00,0x11,0xcc,0x88,0xff,0x00,0x55,0x98,0x00,0x01,0x22,0xdd,0x88,0xff,0x00,0x66,0x91,0x00,0x00,
    0xaa,0x87,0xff,0x00,0x88,0xc1,0x00,0x01,0x33,0xee,0x87,0xff,0x02,0x33,0x00,0x11,0x82,0x00,0x00,0xaa,
    0x89,0xff,0x00,0x99,0xca,0x00,0x00,0x77,0x89,0xff,0x01,0xbb,0x11,0xae,0x00,0x00,0x55,0x84,0xff,0x00,
    0x88,0xa0,0x00,0x00,0xbb,0x83,0xff,0x02,0xdd,0x33,0x88,0x84,0xff,0x00,0x44,0x88,0x00,0x00,0x99,0x88,
    0xff,0x00,0x88,0x8b,0x00,0x00,0xaa,0x83,0xff,0x05,0xee,0x44,0x00,0x00,0x11,0xdd,0x87,0xff,0x01,0xee,
    0x33,0x98,0x00,0x01,0x33,0xee,0x87,0xff,0x01,0xee,0x33,0x91,0x00,0x00,0xaa,0x87,0xff,0x00,0x99,0xc1,
    0x00,0x01,0x33,0xee,0x87,0xff,0x06,0x33,0x00,0x11,0x11,0x00,0x44,0xee,0x88,0xff,0x01,0xcc,0x22,0xc9,
    0x00,0x01,0x22,0xdd,0x88,0xff,0x01,0xee,0x55,0xaf,0x00,0x00,0x55,0x84,0xff,0x00,0x99,0xa0,0x00,0x00,
    0xbb,0x83,0xff,0x02,0xdd,0x33,0x88,0x84,0xff,0x00,0x44,0x88,0x00,0x00,0xbb,0x88,0xff,0x00,0x77,0x8b,
    0x00,0x00,0x99,0x84,0xff,0x04,0x66,0x00,0x00,0x22,0xee,0x87,0xff,0x01,0xdd,0x22,0x98,0x00,0x00,0x55,
    0x88,0xff,0x01,0xcc,0x11,0x91,0x00,0x00,0xaa,0x87,0xff,0x00,0x99,0xc1,0x00,0x01,0x33,0xee,0x87,0xff,
    0x05,0x33,0x00,0x11,0x00,0x22,0xcc,0x89,0xff,0x02,0x66,0x00,0x11,0xc8,0x00,0x00,0x88,0x89,0xff,0x01,
    0x99,0x11,0xaf,0x00,0x00,0x44,0x84,0xff,0x00,0x99,0xa0,0x00,0x00,0xbb,0x83,0xff,0x02,0xdd,0x33,0x99,
    0x84,0xff,0x00,0x44,0x88,0x00,0x00,0xcc,0x88,0xff,0x00,0x66,0x8b,0x00,0x00,0x88,0x84,0xff,0x03,0x77,
    0x00,0x00,0x44,0x88,0xff,0x01,0xdd,0x11,0x98,0x00,0x00,0x66,0x88,0xff,0x01,0xcc,0x11,0x91,0x00,0x00,
    0xaa,0x87,0xff,0x00,0x99,0xc1,0x00,0x01,0x33,0xee,0x87,0xff,0x04,0x33,0x00,0x11,0x00,0x88,0x89,0xff,
    0x01,0xbb,0x11,0xc9,0x00,0x01,0x33,0xdd,0x88,0xff,0x01,0xee,0x33,0xb0,0x00,0x00,0x44,0x84,0xff,0x00,
    0x99,0xa0,0x00,0x00,0xbb,0x83,0xff,0x02,0xdd,0x33,0x99,0x84,0xff,0x00,0x44,0x87,0x00,0x01,0x11,0xcc,
    0x88,0xff,0x00,0x55,0x8b,0x00,0x00,0x77,0x84,0xff,0x03,0x88,0x00,0x00,0x55,0x88,0xff,0x00,0xcc,0x99,
    0x00,0x00,0x77,0x88,0xff,0x00,0xaa,0x92,0x00,0x00,0x99,0x87,0xff,0x00,0x99,0xc1,0x00,0x01,0x33,0xee,
    0x87,0xff,0x04,0x33,0x00,0x00,0x33,0xee,0x88,0xff,0x01,0xee,0x33,0xc9,0x00,0x01,0x11,0xbb,0x89,0xff,
    0x00,0x88,0xb1,0x00,0x00,0x44,0x84,0xff,0x00,0x99,0xa0,0x00,0x00,0xbb,0x83,0xff,0x02,0xdd,0x22,0x99,
    0x84,0xff,0x00,0x44,0x87,0x00,0x01,0x11,0xcc,0x88,0xff,0x00,0x44,0x8b,0x00,0x00,0x55,0x84,0xff,0x03,
    0xaa,0x00,0x00,0x66,0x88,0xff,0x00,0xbb,0x99,0x00,0x00,0x99,0x88,0xff,0x00,0x99,0x92,0x00,0x00,0x99,
    0x87,0xff,0x00,0x99,0xc1,0x00,0x01,0x33,0xee,0x87,0xff,0x03,0x33,0x00,0x11,0xaa,0x89,0xff,0x00,0x88,
    0xca,0x00,0x00,0x55,0x89,0xff,0x01,0xcc,0x22,0xb1,0x00,0x00,0x33,0x84,0xff,0x00,0xaa,0xa0,0x00,0x00,
    0xbb,0x83,0xff,0x02,0xdd,0x22,0x99,0x84,0xff,0x00,0x55,0x87,0x00,0x01,0x11,0xdd,0x88,0xff,0x00,0x44,
    0x8b,0x00,0x00,0x44,0x84,0xff,0x03,0xbb,0x11,0x00,0x77,0x88,0xff,0x00,0x99,0x99,0x00,0x00,0x99,0x88,
    0xff,0x00,0x77,0x92,0x00,0x00,0x99,0x87,0xff,0x02,0x99,0x00,0x11,0xbf,0x00,0x01,0x33,0xee,0x87,0xff,
    0x02,0x33,0x00,0x66,0x89,0xff,0x01,0xcc,0x22,0xc9,0x00,0x01,0x11,0xbb,0x89,0xff,0x01,0x66,0x11,0xb1,
    0x00,0x01,0x33,0xee,0x83,0xff,0x01,0xbb,0x11,0x9f,0x00,0x00,0xbb,0x83,0xff,0x02,0xdd,0x33,0x99,0x84,
    0xff,0x00,0x55,0x87,0x00,0x01,0x11,0xdd,0x87,0xff,0x01,0xee,0x33,0x8b,0x00,0x01,0x33,0xee,0x83,0xff,
    0x03,0xcc,0x22,0x00,0x88,0x88,0xff,0x00,0x88,0x99,0x00,0x00,0xaa,0x88,0xff,0x00,0x66,0x92,0x00,0x00,
    0x99,0x87,0xff,0x02,0x88,0x00,0x11,0xbf,0x00,0x01,0x33,0xee,0x87,0xff,0x02,0x33,0x11,0xdd,0x89,0xff,
    0x02,0x55,0x11,0x11,0xc8,0x00,0x00,0x66,0x89,0xff,0x01,0xcc,0x22,0xb2,0x00,0x01,0x33,0xee,0x83,0xff,
    0x01,0xbb,0x11,0x9f,0x00,0x00,0xbb,0x83,0xff,0x02,0xdd,0x33,0x99,0x84,0xff,0x00,0x55,0x87,0x00,0x01,
    0x22,0xdd,0x87,0xff,0x01,0xee,0x33,0x8b,0x00,0x01,0x22,0xdd,0x83,0xff,0x03,0xdd,0x33,0x00,0x88,0x88,
    0xff,0x00,0x88,0x99,0x00,0x00,0xaa,0x88,0xff,0x00,0x55,0x92,0x00,0x00,0x99,0x87,0xff,0x02,0x88,0x00,
    0x11,0xbf,0x00,0x01,0x33,0xee,0x86,0xff,0x02,0xee,0x33,0x77,0x89,0xff,0x02,0xaa,0x11,0x11,0xc8,0x00,
    0x01,0x22,0xcc,0x89,0xff,0x02,0x66,0x00,0x11,0xb1,0x00,0x01,0x22,0xee,0x83,0xff,0x01,0xcc,0x11,0x9f,
    0x00,0x00,0xbb,0x83,0xff,0x02,0xdd,0x33,0x99,0x84,0xff,0x00,0x55,0x87,0x00,0x01,0x22,0xdd,0x87,0xff,
    0x01,0xee,0x22,0x8b,0x00,0x01,0x11,0xcc,0x83,0xff,0x03,0xee,0x44,0x00,0x99,0x88,0xff,0x00,0x77,0x99,
    0x00,0x00,0xbb,0x88,0xff,0x00,0x44,0x92,0x00,0x00,0x99,0x87,0xff,0x00,0x88,0xc1,0x00,0x01,0x33,0xee,
    0x86,0xff,0x02,0xee,0x77,0xee,0x88,0xff,0x01,0xee,0x33,0xca,0x00,0x00,0x77,0x89,0xff,0x00,0xaa,0xb4,
    0x00,0x01,0x22,0xee,0x83,0xff,0x01,0xcc,0x11,0x9f,0x00,0x00,0xbb,0x83,0xff,0x02,0xdd,0x33,0x99,0x84,
    0xff,0x00,0x66,0x87,0x00,0x01,0x22,0xdd,0x87,0xff,0x01,0xee,0x22,0x8c,0x00,0x00,0x99,0x84,0xff,0x02,
    0x55,0x00,0x99,0x88,0xff,0x00,0x77,0x98,0x00,0x01,0x11,0xcc,0x87,0xff,0x01,0xee,0x44,0x92,0x00,0x00,
    0x99,0x87,0xff,0x00,0x88,0xc1,0x00,0x01,0x33,0xee,0x87,0xff,0x00,0xee,0x89,0xff,0x00,0x77,0xca,0x00,
    0x01,0x33,0xee,0x88,0xff,0x01,0xee,0x33,0xb4,0x00,0x01,0x11,0xdd,0x83,0xff,0x01,0xdd,0x11,0x9f,0x00,
    0x00,0xbb,0x83,0xff,0x02,0xdd,0x33,0x88,0x84,0xff,0x00,0x66,0x87,0x00,0x01,0x22,0xdd,0x87,0xff,0x01,
    0xee,0x22,0x8c,0x00,0x00,0x77,0x84,0xff,0x02,0x77,0x00,0x99,0x88,0xff,0x00,0x77,0x98,0x00,0x01,0x11,
    0xdd,0x87,0xff,0x01,0xee,0x33,0x92,0x00,0x00,0x99,0x87,0xff,0x00,0x88,0xc1,0x00,0x01,0x33,0xee,0x91,
    0xff,0x01,0xcc,0x22,0x84,0x00,0x00,0x11,0xc4,0x00,0x00,0x99,0x89,0xff,0x02,0x99,0x11,0x11,0xb3,0x00,
    0x01,0x11,0xdd,0x83,0xff,0x01,0xdd,0x11,0x9f,0x00,0x00,0xbb,0x83,0xff,0x02,0xdd,0x22,0x88,0x84,0xff,
    0x00,0x66,0x87,0x00,0x01,0x22,0xee,0x87,0xff,0x01,0xee,0x22,0x8c,0x00,0x00,0x55,0x84,0xff,0x02,0x99,
    0x00,0x99,0x88,0xff,0x00,0x77,0x98,0x00,0x01,0x22,0xdd,0x87,0xff,0x01,0xee,0x33,0x92,0x00,0x00,0x99,
    0x87,0xff,0x00,0x88,0xc1,0x00,0x01,0x33,0xee,0x91,0xff,0x00,0x44,0xca,0x00,0x01,0x44,0xee,0x88,0xff,
    0x03,0xdd,0x22,0x00,0x11,0xb3,0x00,0x01,0x11,0xdd,0x83,0xff,0x01,0xdd,0x11,0x9f,0x00,0x00,0xbb,0x83,
    0xff,0x02,0xdd,0x33,0x88,0x84,0xff,0x00,0x66,0x87,0x00,0x01,0x22,0xee,0x87,0xff,0x01,0xee,0x22,0x8c,
    0x00,0x00,0x55,0x84,0xff,0x02,0xaa,0x00,0xaa,0x88,0xff,0x00,0x77,0x98,0x00,0x01,0x22,0xdd,0x87,0xff,
    0x01,0xee,0x33,0x92,0x00,0x00,0x99,0x87,0xff,0x00,0x88,0xc1,0x00,0x01,0x33,0xee,0x90,0xff,0x00,0xaa,
    0xca,0x00,0x01,0x11,0xaa,0x89,0xff,0x00,0x88,0xb6,0x00,0x01,0x22,0xdd,0x83,0xff,0x01,0xdd,0x22,0x9f,
    0x00,0x00,0xbb,0x83,0xff,0x02,0xdd,0x33,0x88,0x84,0xff,0x00,0x66,0x87,0x00,0x01,0x22,0xee,0x87,0xff,
    0x01,0xee,0x22,0x8c,0x00,0x01,0x33,0xee,0x83,0xff,0x02,0xcc,0x11,0xaa,0x88,0xff,0x00,0x77,0x98,0x00,
    0x01,0x11,0xdd,0x87,0xff,0x01,0xee,0x33,0x92,0x00,0x00,0xaa,0x87,0xff,0x00,0x88,0xc1,0x00,0x01,0x33,
    0xee,0x8f,0xff,0x01,0xee,0x33,0xca,0x00,0x01,0x55,0xee,0x88,0xff,0x01,0xcc,0x22,0xb6,0x00,0x01,0x11,
    0xdd,0x83,0xff,0x01,0xee,0x22,0x9f,0x00,0x00,0xbb,0x83,0xff,0x02,0xdd,0x22,0x88,0x84,0xff,0x00,0x66,
    0x87,0x00,0x01,0x22,0xdd,0x87,0xff,0x01,0xee,0x22,0x8c,0x00,0x01,0x11,0xcc,0x84,0xff,0x01,0x44,0x99,
    0x88,0xff,0x00,0x77,0x98,0x00,0x01,0x11,0xcc,0x87,0xff,0x01,0xee,0x44,0x92,0x00,0x00,0xaa,0x87,0xff,
    0x00,0x99,0xc1,0x00,0x01,0x33,0xee,0x8f,0xff,0x00,0x77,0xca,0x00,0x01,0x11,0xcc,0x89,0xff,0x00,0x55,
    0xb7,0x00,0x01,0x11,0xcc,0x83,0xff,0x01,0xee,0x33,0x9f,0x00,0x00,0xbb,0x83,0xff,0x02,0xdd,0x22,0x88,
    0x84,0xff,0x00,0x55,0x87,0x00,0x01,0x22,0xdd,0x87,0xff,0x01,0xee,0x33,0x8d,0x00,0x00,0xbb,0x84,0xff,
    0x01,0x55,0x88,0x88,0xff,0x00,0x77,0x99,0x00,0x00,0xcc,0x88,0xff,0x00,0x44,0x92,0x00,0x00,0xaa,0x87,
    0xff,0x00,0x99,0xc1,0x00,0x01,0x33,0xee,0x8e,0xff,0x01,0xdd,0x11,0xca,0x00,0x00,0x66,0x89,0xff,0x01,
    0xcc,0x11,0xb8,0x00,0x00,0xcc,0x83,0xff,0x01,0xee,0x33,0x9f,0x00,0x00,0xbb,0x83,0xff,0x02,0xdd,0x22,
    0x88,0x84,0xff,0x00,0x55,0x87,0x00,0x01,0x22,0xdd,0x88,0xff,0x00,0x33,0x8d,0x00,0x00,0x99,0x84,0xff,
    0x01,0x66,0x88,0x88,0xff,0x00,0x88,0x99,0x00,0x00,0xcc,0x88,0xff,0x00,0x55,0x92,0x00,0x00,0xaa,0x87,
    0xff,0x00,0x99,0xc1,0x00,0x01,0x33,0xee,0x8e,0xff,0x00,0x66,0xc8,0x00,0x03,0x11,0x00,0x22,0xdd,0x89,
    0xff,0x00,0x55,0xb9,0x00,0x00,0xcc,0x83,0xff,0x01,0xee,0x33,0x9f,0x00,0x00,0xbb,0x83,0xff,0x02,0xdd,
    0x22,0x88,0x84,0xff,0x00,0x66,0x87,0x00,0x01,0x11,0xdd,0x88,0xff,0x00,0x33,0x8d,0x00,0x00,0x77,0x84,
    0xff,0x01,0x88,0x88,0x88,0xff,0x00,0x88,0x99,0x00,0x00,0xbb,0x88,0xff,0x00,0x66,0x92,0x00,0x00,0xaa,
    0x87,0xff,0x00,0x99,0xc1,0x00,0x01,0x33,0xee,0x8d,0xff,0x01,0x99,0x11,0xca,0x00,0x00,0x88,0x89,0xff,
    0x02,0xbb,0x00,0x11,0xb8,0x00,0x00,0xbb,0x83,0xff,0x01,0xee,0x33,0x9f,0x00,0x00,0xbb,0x83,0xff,0x02,
    0xdd,0x22,0x88,0x84,0xff,0x00,0x66,0x87,0x00,0x01,0x11,0xdd,0x88,0xff,0x00,0x44,0x8d,0x00,0x01,0x33,
    0xee,0x83,0xff,0x01,0xcc,0x88,0x88,0xff,0x00,0x99,0x99,0x00,0x00,0xaa,0x88,0xff,0x00,0x88,0x92,0x00,
    0x00,0x99,0x87,0xff,0x00,0x99,0xc1,0x00,0x01,0x33,0xee,0x8c,0xff,0x01,0xee,0x33,0xca,0x00,0x01,0x33,
    0xdd,0x88,0xff,0x01,0xee,0x44,0xba,0x00,0x00,0xbb,0x83,0xff,0x01,0xee,0x33,0x9f,0x00,0x00,0xaa,0x83,
    0xff,0x02,0xdd,0x22,0x88,0x84,0xff,0x00,0x66,0x87,0x00,0x01,0x11,0xcc,0x88,0xff,0x00,0x44,0x8d,0x00,
    0x01,0x22,0xee,0x83,0xff,0x01,0xdd,0x88,0x88,0xff,0x00,0xaa,0x99,0x00,0x00,0x88,0x88,0xff,0x00,0x99,
    0x92,0x00,0x00,0x99,0x87,0xff,0x00,0x88,0xc1,0x00,0x01,0x33,0xee,0x8c,0xff,0x00,0x88,0xcb,0x00,0x00,
    0x99,0x89,0xff,0x00,0x88,0x82,0x00,0x00,0x11,0xb7,0x00,0x00,0xaa,0x83,0xff,0x01,0xee,0x33,0x9f,0x00,
    0x00,0xbb,0x83,0xff,0x02,0xdd,0x33,0x88,0x84,0xff,0x00,0x66,0x87,0x00,0x01,0x11,0xcc,0x88,0xff,0x00,
    0x44,0x8d,0x00,0x01,0x11,0xcc,0x83,0xff,0x01,0xee,0x99,0x88,0xff,0x01,0xbb,0x11,0x98,0x00,0x00,0x77,
    0x88,0xff,0x00,0xaa,0x92,0x00,0x00,0x99,0x87,0xff,0x00,0x88,0xc1,0x00,0x01,0x33,0xee,0x8b,0xff,0x01,
    0xbb,0x11,0xca,0x00,0x01,0x33,0xee,0x88,0xff,0x01,0xee,0x33,0x82,0x00,0x00,0x11,0xb7,0x00,0x00,0xbb,
    0x83,0xff,0x01,0xee,0x33,0x9f,0x00,0x00,0xbb,0x83,0xff,0x02,0xdd,0x22,0x88,0x84,0xff,0x00,0x66,0x88,
    0x00,0x00,0xbb,0x88,0xff,0x00,0x66,0x8e,0x00,0x00,0x88,0x84,0xff,0x00,0xbb,0x88,0xff,0x03,0xcc,0x11,
    0x00,0x11,0x96,0x00,0x00,0x66,0x88,0xff,0x01,0xbb,0x11,0x91,0x00,0x00,0x99,0x87,0xff,0x00,0x88,0xc1,
    0x00,0x01,0x33,0xee,0x8b,0xff,0x01,0xbb,0x11,0xca,0x00,0x00,0x55,0x8a,0xff,0x00,0x77,0xbb,0x00,0x00,
    0xaa,0x83,0xff,0x01,0xee,0x33,0x9f,0x00,0x00,0xbb,0x83,0xff,0x02,0xdd,0x22,0x99,0x84,0xff,0x00,0x66,
    0x88,0x00,0x00,0xaa,0x88,0xff,0x00,0x77,0x8e,0x00,0x00,0x66,0x84,0xff,0x00,0xee,0x88,0xff,0x01,0xee,
    0x22,0x98,0x00,0x00,0x44,0x88,0xff,0x01,0xdd,0x22,0x91,0x00,0x00,0x99,0x87,0xff,0x00,0x88,0xc1,0x00,
    0x01,0x33,0xee,0x8c,0xff,0x00,0x66,0xca,0x00,0x01,0x11,0xaa,0x89,0xff,0x01,0xee,0x33,0xba,0x00,0x00,
    0xaa,0x83,0xff,0x01,0xee,0x33,0x9f,0x00,0x00,0xbb,0x83,0xff,0x02,0xdd,0x33,0x99,0x84,0xff,0x00,0x66,
    0x88,0x00,0x00,0x99,0x88,0xff,0x00,0x88,0x8e,0x00,0x01,0x44,0xee,0x8e,0xff,0x00,0x44,0x98,0x00,0x01,
    0x22,0xdd,0x88,0xff,0x00,0x55,0x91,0x00,0x00,0x99,0x87,0xff,0x00,0x88,0xc1,0x00,0x01,0x33,0xee,0x8c,
    0xff,0x01,0xdd,0x11,0xca,0x00,0x01,0x33,0xdd,0x89,0xff,0x01,0x99,0x11,0xb9,0x00,0x00,0x99,0x83,0xff,
    0x01,0xee,0x33,0x9f,0x00,0x00,0xaa,0x83,0xff,0x02,0xdd,0x33,0x99,0x84,0xff,0x00,0x66,0x88,0x00,0x00,
    0x88,0x88,0xff,0x00,0x99,0x8e,0x00,0x01,0x11,0xcc,0x8e,0xff,0x00,0x55,0x98,0x00,0x01,0x11,0xcc,0x88,
    0xff,0x00,0x77,0x91,0x00,0x00,0x99,0x87,0xff,0x00,0x88,0xc1,0x00,0x01,0x33,0xee,0x8d,0xff,0x00,0x88,
    0xcb,0x00,0x00,0x77,0x89,0xff,0x01,0xee,0x44,0xb8,0x00,0x01,0x11,0xaa,0x84,0xff,0x00,0x44,0x9f,0x00,
    0x00,0xbb,0x83,0xff,0x02,0xdd,0x33,0x99,0x84,0xff,0x00,0x66,0x88,0x00,0x00,0x77,0x88,0xff,0x00,0x99,
    0x8f,0x00,0x00,0xaa,0x8e,0xff,0x00,0x66,0x99,0x00,0x00,0xbb,0x88,0xff,0x00,0x88,0x91,0x00,0x00,0x99,
    0x87,0xff,0x00,0x88,0xc1,0x00,0x01,0x33,0xee,0x8e,0xff,0x00,0x55,0xca,0x00,0x01,0x22,0xdd,0x89,0xff,
    0x01,0x99,0x11,0xb8,0x00,0x00,0xaa,0x84,0xff,0x00,0x44,0x9f,0x00,0x00,0xbb,0x83,0xff,0x02,0xdd,0x33,
    0x99,0x84,0xff,0x00,0x55,0x88,0x00,0x00,0x66,0x88,0xff,0x01,0xbb,0x11,0x8e,0x00,0x00,0x77,0x8e,0xff,
    0x00,0x77,0x99,0x00,0x00,0xaa,0x88,0xff,0x00,0xbb,0x91,0x00,0x00,0x99,0x87,0xff,0x00,0x88,0xc1,0x00,
    0x01,0x33,0xee,0x8e,0xff,0x00,0xbb,0xcb,0x00,0x01,0x55,0xee,0x89,0xff,0x00,0x66,0xb8,0x00,0x00,0x99,
    0x84,0xff,0x00,0x44,0x9f,0x00,0x00,0xbb,0x83,0xff,0x02,0xdd,0x33,0x99,0x84,0xff,0x00,0x55,0x88,0x00,
    0x00,0x55,0x88,0xff,0x01,0xdd,0x22,0x8e,0x00,0x01,0x55,0xee,0x8d,0xff,0x00,0xaa,0x97,0x00,0x02,0x11,
    0x00,0x55,0x88,0xff,0x01,0xee,0x22,0x90,0x00,0x00,0xaa,0x87,0xff,0x00,0x99,0xc1,0x00,0x01,0x33,0xee,
    0x8f,0xff,0x00,0x99,0xcb,0x00,0x00,0x88,0x89,0xff,0x01,0xdd,0x22,0xb5,0x00,0x02,0x11,0x00,0x99,0x84,
    0xff,0x00,0x44,0x9f,0x00,0x00,0xbb,0x83,0xff,0x02,0xdd,0x33,0x99,0x84,0xff,0x00,0x55,0x88,0x00,0x01,
    0x33,0xee,0x87,0xff,0x01,0xee,0x22,0x8e,0x00,0x01,0x22,0xdd,0x8d,0xff,0x01,0xcc,0x11,0x98,0x00,0x01,
    0x22,0xdd,0x88,0xff,0x00,0x44,0x90,0x00,0x00,0x99,0x87,0xff,0x00,0x99,0xc1,0x00,0x01,0x33,0xee,0x90,
    0xff,0x00,0x55,0xca,0x00,0x01,0x44,0xee,0x89,0xff,0x00,0x88,0xb5,0x00,0x02,0x11,0x00,0x99,0x84,0xff,
    0x00,0x44,0x9f,0x00,0x00,0xbb,0x83,0xff,0x02,0xdd,0x33,0x99,0x84,0xff,0x00,0x55,0x88,0x00,0x01,0x22,
    0xdd,0x87,0xff,0x01,0xee,0x44,0x8f,0x00,0x00,0xaa,0x8d,0xff,0x01,0xee,0x22,0x98,0x00,0x01,0x11,0xcc,
    0x88,0xff,0x02,0x99,0x00,0x11,0x8e,0x00,0x00,0x99,0x87,0xff,0x00,0x99,0xc1,0x00,0x01,0x33,0xee,0x90,
    0xff,0x00,0xaa,0xca,0x00,0x01,0x11,0x66,0x89,0xff,0x01,0xee,0x44,0xb6,0x00,0x00,0x99,0x84,0xff,0x00,
    0x44,0x9f,0x00,0x00,0xbb,0x83,0xff,0x02,0xdd,0x33,0x99,0x84,0xff,0x00,0x55,0x88,0x00,0x01,0x11,0xdd,
    0x88,0xff,0x00,0x55,0x8f,0x00,0x00,0x66,0x8d,0xff,0x01,0xee,0x33,0x99,0x00,0x00,0xaa,0x88,0xff,0x01,
    0xcc,0x11,0x8f,0x00,0x00,0x99,0x87,0xff,0x00,0x88,0xc1,0x00,0x01,0x33,0xee,0x90,0xff,0x02,0xee,0x66,
    0x11,0xc9,0x00,0x01,0x11,0xbb,0x89,0xff,0x00,0xbb,0xb6,0x00,0x00,0x99,0x84,0xff,0x00,0x44,0x9f,0x00,
    0x00,0xbb,0x83,0xff,0x02,0xdd,0x33,0x99,0x84,0xff,0x02,0x55,0x00,0x11,0x87,0x00,0x00,0xaa,0x88,0xff,
    0x00,0x77,0x8f,0x00,0x01,0x33,0xee,0x8d,0xff,0x00,0x66,0x99,0x00,0x00,0x66,0x88,0xff,0x01,0xee,0x44,
    0x8f,0x00,0x00,0x99,0x87,0xff,0x00,0x88,0xc1,0x00,0x01,0x33,0xee,0x91,0xff,0x01,0xee,0x33,0xc8,0x00,
    0x03,0x11,0x00,0x44,0xee,0x89,0xff,0x00,0x66,0xb5,0x00,0x00,0x99,0x84,0xff,0x00,0x44,0x9f,0x00,0x00,
    0xbb,0x83,0xff,0x02,0xdd,0x22,0x99,0x84,0xff,0x00,0x66,0x87,0x00,0x02,0x11,0x00,0x99,0x88,0xff,0x00,
    0xaa,0x8f,0x00,0x01,0x11,0xaa,0x8d,0xff,0x00,0x99,0x99,0x00,0x01,0x33,0xee,0x88,0xff,0x00,0x99,0x8f,
    0x00,0x00,0x99,0x87,0xff,0x00,0x88,0xc1,0x00,0x01,0x33,0xee,0x92,0xff,0x01,0xaa,0x11,0xca,0x00,0x00,
    0x99,0x89,0xff,0x01,0xee,0x33,0xb2,0x00,0x02,0x11,0x00,0x99,0x84,0xff,0x00,0x44,0x9f,0x00,0x00,0xaa,
    0x83,0xff,0x02,0xdd,0x22,0x99,0x84,0xff,0x00,0x66,0x89,0x00,0x00,0x77,0x88,0xff,0x00,0xcc,0x90,0x00,
    0x00,0x77,0x8d,0xff,0x01,0xbb,0x11,0x98,0x00,0x01,0x11,0xcc,0x88,0xff,0x01,0xcc,0x22,0x8e,0x00,0x00,
    0x99,0x87,0xff,0x00,0x88,0xc1,0x00,0x01,0x33,0xee,0x93,0xff,0x00,0x66,0xca,0x00,0x01,0x33,0xee,0x89,
    0xff,0x01,0xbb,0x11,0xb1,0x00,0x02,0x11,0x00,0x99,0x84,0xff,0x00,0x44,0x9f,0x00,0x00,0xaa,0x83,0xff,
    0x02,0xdd,0x22,0x99,0x84,0xff,0x00,0x66,0x89,0x00,0x00,0x55,0x88,0xff,0x01,0xcc,0x11,0x8f,0x00,0x00,
    0x55,0x8d,0xff,0x01,0xdd,0x22,0x99,0x00,0x00,0x66,0x89,0xff,0x00,0x66,0x8e,0x00,0x00,0x99,0x87,0xff,
    0x00,0x88,0xc1,0x00,0x01,0x33,0xee,0x93,0xff,0x01,0xdd,0x33,0xca,0x00,0x00,0x77,0x8a,0xff,0x02,0x55,
    0x00,0x11,0xaf,0x00,0x02,0x11,0x00,0x99,0x84,0xff,0x02,0x33,0x00,0x11,0x9d,0x00,0x00,0xaa,0x83,0xff,
    0x02,0xdd,0x22,0x99,0x84,0xff,0x00,0x66,0x89,0x00,0x00,0x33,0x88,0xff,0x01,0xee,0x22,0x8f,0x00,0x01,
    0x11,0xcc,0x8d,0xff,0x00,0x55,0x99,0x00,0x01,0x44,0xee,0x88,0xff,0x00,0xaa,0x8e,0x00,0x00,0x99,0x87,
    0xff,0x00,0x88,0xc1,0x00,0x01,0x33,0xee,0x94,0xff,0x00,0xaa,0xca,0x00,0x01,0x11,0xbb,0x89,0xff,0x01,
    0xcc,0x11,0xb2,0x00,0x00,0x99,0x83,0xff,0x01,0xee,0x33,0x9f,0x00,0x00,0xbb,0x83,0xff,0x02,0xdd,0x22,
    0x99,0x84,0xff,0x00,0x55,0x89,0x00,0x01,0x22,0xdd,0x88,0xff,0x00,0x55,0x90,0x00,0x00,0x88,0x8d,0xff,
    0x00,0x88,0x99,0x00,0x01,0x11,0xbb,0x89,0xff,0x02,0x22,0x00,0x11,0x8b,0x00,0x00,0xaa,0x87,0xff,0x00,
    0x99,0xc1,0x00,0x01,0x33,0xee,0x94,0xff,0x01,0xee,0x44,0xca,0x00,0x01,0x44,0xee,0x89,0xff,0x00,0x88,
    0xb2,0x00,0x00,0xaa,0x83,0xff,0x01,0xee,0x33,0x9f,0x00,0x00,0xbb,0x83,0xff,0x02,0xdd,0x22,0x99,0x84,
    0xff,0x00,0x55,0x8a,0x00,0x00,0xbb,0x88,0xff,0x00,0x77,0x90,0x00,0x00,0x77,0x8d,0xff,0x00,0xaa,0x9a,
    0x00,0x00,0x77,0x89,0xff,0x00,0x88,0x8d,0x00,0x00,0xaa,0x87,0xff,0x00,0x99,0xc1,0x00,0x01,0x33,0xee,
    0x95,0xff,0x01,0xdd,0x33,0xca,0x00,0x00,0x99,0x89,0xff,0x01,0xee,0x44,0xb1,0x00,0x00,0xaa,0x83,0xff,
    0x01,0xee,0x33,0x9f,0x00,0x00,0xbb,0x83,0xff,0x02,0xdd,0x22,0x99,0x84,0xff,0x00,0x55,0x8a,0x00,0x00,
    0x88,0x88,0xff,0x00,0xaa,0x90,0x00,0x01,0x22,0xdd,0x8c,0xff,0x01,0xee,0x33,0x99,0x00,0x01,0x33,0xee,
    0x88,0xff,0x01,0xdd,0x33,0x8c,0x00,0x00,0xaa,0x87,0xff,0x00,0x99,0xc1,0x00,0x01,0x33,0xee,0x96,0xff,
    0x00,0x99,0xca,0x00,0x01,0x11,0xcc,0x89,0xff,0x00,0xaa,0xb1,0x00,0x00,0xbb,0x83,0xff,0x01,0xee,0x33,
    0x9f,0x00,0x00,0xbb,0x83,0xff,0x02,0xdd,0x22,0x88,0x84,0xff,0x04,0x66,0x00,0x00,0x11,0x11,0x86,0x00,
    0x00,0x77,0x88,0xff,0x00,0xcc,0x91,0x00,0x00,0xaa,0x8d,0xff,0x00,0x44,0x9a,0x00,0x00,0x99,0x89,0xff,
    0x00,0x77,0x8c,0x00,0x00,0xaa,0x87,0xff,0x00,0x88,0xc1,0x00,0x01,0x33,0xee,0x96,0xff,0x01,0xee,0x55,
    0xca,0x00,0x00,0x55,0x8a,0xff,0x00,0x55,0xb0,0x00,0x00,0xbb,0x83,0xff,0x01,0xee,0x33,0x9f,0x00,0x00,
    0xbb,0x83,0xff,0x02,0xdd,0x22,0x88,0x84,0xff,0x00,0x66,0x8a,0x00,0x00,0x55,0x88,0xff,0x01,0xee,0x22,
    0x90,0x00,0x00,0x77,0x8d,0xff,0x00,0x88,0x9a,0x00,0x01,0x33,0xee,0x88,0xff,0x01,0xdd,0x11,0x8b,0x00,
    0x00,0xaa,0x87,0xff,0x00,0x88,0xc1,0x00,0x01,0x33,0xee,0x97,0xff,0x01,0xcc,0x11,0xca,0x00,0x00,0xaa,
    0x89,0xff,0x01,0xbb,0x22,0xaf,0x00,0x00,0xcc,0x83,0xff,0x01,0xee,0x33,0x9f,0x00,0x00,0xbb,0x83,0xff,
    0x02,0xdd,0x22,0x88,0x84,0xff,0x00,0x66,0x8a,0x00,0x01,0x22,0xdd,0x88,0xff,0x00,0x66,0x90,0x00,0x01,
    0x22,0xdd,0x8c,0xff,0x01,0xcc,0x11,0x9a,0x00,0x00,0xcc,0x89,0xff,0x00,0x77,0x8b,0x00,0x00,0xaa,0x87,
    0xff,0x02,0x99,0x00,0x11,0xbf,0x00,0x01,0x33,0xee,0x98,0xff,0x00,0x99,0xca,0x00,0x01,0x33,0xee,0x89,
    0xff,0x00,0x88,0xae,0x00,0x01,0x11,0xcc,0x83,0xff,0x01,0xee,0x33,0x9f,0x00,0x00,0xbb,0x83,0xff,0x02,
    0xdd,0x22,0x88,0x84,0xff,0x00,0x66,0x8a,0x00,0x01,0x11,0xaa,0x88,0xff,0x00,0x99,0x91,0x00,0x00,0x88,
    0x8d,0xff,0x00,0x44,0x9a,0x00,0x00,0x77,0x89,0xff,0x01,0xdd,0x33,0x8a,0x00,0x00,0xaa,0x87,0xff,0x00,
    0x99,0xc1,0x00,0x01,0x33,0xee,0x98,0xff,0x01,0xee,0x33,0xca,0x00,0x00,0x77,0x89,0xff,0x01,0xdd,0x33,
    0xad,0x00,0x01,0x11,0xdd,0x83,0xff,0x01,0xee,0x33,0x9f,0x00,0x00,0xbb,0x83,0xff,0x02,0xdd,0x22,0x77,
    0x84,0xff,0x00,0x66,0x8b,0x00,0x00,0x88,0x88,0xff,0x01,0xbb,0x11,0x90,0x00,0x00,0x44,0x8d,0xff,0x00,
    0x88,0x9a,0x00,0x01,0x22,0xdd,0x89,0xff,0x00,0x88,0x8a,0x00,0x00,0xaa,0x87,0xff,0x00,0x99,0xc1,0x00,
    0x01,0x33,0xee,0x99,0xff,0x01,0xaa,0x11,0xc9,0x00,0x01,0x11,0xbb,0x89,0xff,0x01,0xaa,0x11,0xac,0x00,
    0x01,0x22,0xdd,0x83,0xff,0x01,0xee,0x22,0x9f,0x00,0x00,0xaa,0x83,0xff,0x02,0xdd,0x22,0x88,0x84,0xff,
    0x00,0x66,0x8b,0x00,0x00,0x55,0x88,0xff,0x01,0xee,0x33,0x90,0x00,0x01,0x22,0xcc,0x8c,0xff,0x01,0xdd,
    0x22,0x9a,0x00,0x00,0x77,0x89,0xff,0x01,0xdd,0x33,0x89,0x00,0x00,0xaa,0x87,0xff,0x00,0x99,0xc1,0x00,
    0x01,0x33,0xee,0x9a,0xff,0x00,0x88,0xca,0x00,0x00,0x44,0x8a,0xff,0x00,0x66,0xac,0x00,0x01,0x22,0xee,
    0x83,0xff,0x01,0xdd,0x22,0x9f,0x00,0x00,0xaa,0x83,0xff,0x02,0xdd,0x22,0x88,0x84,0xff,0x00,0x55,0x8b,
    0x00,0x01,0x22,0xdd,0x88,0xff,0x00,0x66,0x91,0x00,0x00,0x88,0x8d,0xff,0x00,0x55,0x9a,0x00,0x01,0x22,
    0xcc,0x89,0xff,0x00,0x99,0x89,0x00,0x00,0x99,0x87,0xff,0x01,0x99,0x11,0xc0,0x00,0x01,0x33,0xee,0x9a,
    0xff,0x01,0xee,0x44,0xc9,0x00,0x01,0x11,0xbb,0x89,0xff,0x03,0xee,0x33,0x00,0x11,0xa9,0x00,0x01,0x22,
    0xee,0x83,0xff,0x01,0xdd,0x11,0x9f,0x00,0x00,0xaa,0x83,0xff,0x02,0xdd,0x22,0x88,0x84,0xff,0x00,0x55,
    0x8a,0x00,0x02,0x11,0x11,0xcc,0x88,0xff,0x00,0x99,0x91,0x00,0x01,0x33,0xdd,0x8c,0xff,0x00,0x66,0x99,
    0x00,0x02,0x11,0x00,0x77,0x89,0xff,0x01,0xee,0x44,0x88,0x00,0x00,0x99,0x87,0xff,0x01,0x99,0x11,0xc0,
    0x00,0x01,0x33,0xee,0x9b,0xff,0x01,0xbb,0x11,0xc9,0x00,0x01,0x33,0xdd,0x89,0xff,0x00,0xaa,0xab,0x00,
    0x01,0x33,0xee,0x83,0xff,0x01,0xcc,0x11,0x9f,0x00,0x00,0xaa,0x83,0xff,0x02,0xee,0x33,0x88,0x84,0xff,
    0x00,0x55,0x8a,0x00,0x02,0x11,0x00,0x99,0x88,0xff,0x01,0xdd,0x11,0x91,0x00,0x00,0xbb,0x8c,0xff,0x01,
    0xdd,0x22,0x9a,0x00,0x01,0x22,0xcc,0x89,0xff,0x01,0xdd,0x33,0x87,0x00,0x00,0x99,0x87,0xff,0x00,0x99,
    0xc1,0x00,0x01,0x33,0xee,0x9c,0xff,0x00,0x77,0xca,0x00,0x00,0x66,0x8a,0xff,0x00,0x44,0xaa,0x00,0x01,
    0x33,0xee,0x83,0xff,0x00,0xbb,0xa0,0x00,0x00,0xaa,0x83,0xff,0x02,0xee,0x33,0x88,0x84,0xff,0x00,0x66,
    0x8c,0x00,0x00,0x77,0x89,0xff,0x00,0x22,0x91,0x00,0x00,0x55,0x8d,0xff,0x00,0x66,0x9b,0x00,0x00,0x66,
    0x8a,0xff,0x00,0x99,0x87,0x00,0x00,0xaa,0x87,0xff,0x00,0x99,0xc1,0x00,0x01,0x33,0xee,0x9c,0xff,0x01,
    0xee,0x33,0xc9,0x00,0x01,0x11,0xbb,0x89,0xff,0x00,0xbb,0xaa,0x00,0x00,0x44,0x84,0xff,0x00,0xbb,0xa0,
    0x00,0x00,0xaa,0x83,0xff,0x02,0xee,0x33,0x77,0x84,0xff,0x00,0x77,0x8c,0x00,0x01,0x33,0xee,0x88,0xff,
    0x00,0x66,0x92,0x00,0x00,0xcc,0x8c,0xff,0x00,0xbb,0x9c,0x00,0x00,0x99,0x89,0xff,0x01,0xee,0x66,0x86,
    0x00,0x00,0x99,0x87,0xff,0x00,0x88,0xc1,0x00,0x01,0x33,0xee,0x9d,0xff,0x01,0xaa,0x11,0xc9,0x00,0x01,
    0x44,0xee,0x89,0xff,0x00,0x77,0xa9,0x00,0x01,0x33,0xee,0x83,0xff,0x00,0xaa,0xa0,0x00,0x00,0xaa,0x83,
    0xff,0x02,0xee,0x33,0x77,0x84,0xff,0x04,0x88,0x22,0x33,0x22,0x22,0x86,0x33,0x03,0x22,0x22,0x44,0xdd,
    0x88,0xff,0x05,0xbb,0x33,0x33,0x44,0x33,0x33,0x87,0x22,0x82,0x33,0x03,0x44,0x33,0x22,0x99,0x8d,0xff,
    0x00,0x55,0x85,0x33,0x8e,0x44,0x86,0x33,0x00,0x77,0x8a,0xff,0x03,0xee,0x55,0x33,0x44,0x83,0x33,0x00,
    0xaa,0x87,0xff,0x00,0x88,0xc1,0x00,0x01,0x33,0xee,0x9e,0xff,0x00,0x55,0xca,0x00,0x00,0x77,0x89,0xff,
    0x01,0xee,0x55,0xa7,0x33,0x01,0x22,0x66,0x84,0xff,0x01,0x99,0x22,0x86,0x33,0x01,0x44,0x44,0x96,0x33,
    0x00,0xcc,0x83,0xff,0x02,0xdd,0x22,0x77,0x84,0xff,0x8c,0xee,0x00,0xdd,0x8b,0xff,0x93,0xee,0x8d,0xff,
    0x9d,0xee,0x90,0xff,0x01,0xee,0xee,0x88,0xff,0x00,0x99,0xc1,0x00,0x01,0x33,0xee,0x9e,0xff,0x01,0xcc,
    0x22,0xc9,0x00,0x01,0x11,0xdd,0x8b,0xff,0xa7,0xee,0x86,0xff,0x00,0xdd,0x86,0xee,0x83,0xff,0x83,0xee,
    0x8d,0xff,0x82,0xee,0x84,0xff,0x02,0xdd,0x22,0x77,0xfa,0xff,0x00,0x99,0xc1,0x00,0x01,0x33,0xee,0x9f,
    0xff,0x00,0x99,0xca,0x00,0x00,0x55,0xe0,0xff,0x02,0xdd,0x22,0x77,0xfa,0xff,0x00,0x88,0xc1,0x00,0x01,
    0x33,0xee,0x9f,0xff,0x01,0xee,0x55,0xca,0x00,0x00,0xbb,0xdf,0xff,0x02,0xdd,0x22,0x77,0xfa,0xff,0x00,
    0x88,0xc1,0x00,0x01,0x33,0xee,0xa0,0xff,0x01,0xdd,0x22,0xc9,0x00,0x01,0x33,0xee,0xde,0xff,0x02,0xdd,
    0x22,0x77,0xfa,0xff,0x00,0x88,0xc1,0x00,0x01,0x33,0xee,0xa1,0xff,0x00,0x99,0xc9,0x00,0x01,0x11,0x88,
    0xde,0xff,0x02,0xdd,0x22,0x77,0x84,0xff,0x00,0xee,0x85,0xbb,0x82,0xaa,0x85,0xbb,0x00,0xcc,0x8a,0xff,
    0x83,0xbb,0x01,0xaa,0xaa,0x82,0xbb,0x00,0xaa,0x82,0xbb,0x82,0xaa,0x83,0xbb,0x00,0xee,0x8d,0xff,0x01,
    0xcc,0xaa,0x83,0xbb,0x82,0xaa,0x01,0xbb,0xbb,0x82,0xaa,0x84,0xbb,0x82,0xaa,0x01,0xbb,0xbb,0x82,0xaa,
    0x04,0xbb,0xaa,0xaa,0xbb,0xee,0x8b,0xff,0x02,0xee,0xaa,0xee,0x87,0xff,0x00,0x88,0xc1,0x00,0x01,0x33,
    0xee,0xa1,0xff,0x01,0xee,0x55,0xc8,0x00,0x02,0x11,0x11,0xbb,0x8a,0xff,0xa4,0xbb,0x00,0xcc,0x85,0xff,
    0x00,0xbb,0x85,0xaa,0x07,0xbb,0xbb,0xaa,0xaa,0xbb,0xbb,0xaa,0xaa,0x84,0xbb,0x01,0xaa,0xaa,0x82,0xbb,
    0x01,0xaa,0xaa,0x86,0xbb,0x00,0xee,0x83,0xff,0x02,0xdd,0x22,0x66,0x84,0xff,0x02,0xaa,0x00,0x11,0x8c,
    0x00,0x01,0x11,0xaa,0x88,0xff,0x03,0xee,0x44,0x00,0x11,0x82,0x00,0x01,0x11,0x11,0x82,0x00,0x00,0x11,
    0x85,0x00,0x03,0x11,0x00,0x44,0xee,0x8c,0xff,0x00,0x88,0x82,0x00,0x00,0x11,0x99,0x00,0x00,0x55,0x8c,
    0xff,0x01,0x66,0xaa,0x87,0xff,0x00,0x88,0xc1,0x00,0x01,0x33,0xee,0xa2,0xff,0x00,0xbb,0xc8,0x00,0x02,
    0x11,0x00,0x55,0x8a,0xff,0x00,0x66,0xa3,0x00,0x01,0x33,0xee,0x83,0xff,0x01,0xdd,0x11,0x99,0x00,0x07,
    0x11,0x11,0x00,0x00,0x11,0x11,0x00,0xbb,0x83,0xff,0x02,0xdd,0x22,0x55,0x84,0xff,0x02,0xaa,0x00,0x11,
    0x8b,0x00,0x02,0x11,0x00,0x44,0x89,0xff,0x00,0x77,0x93,0x00,0x00,0x77,0x8c,0xff,0x01,0xee,0x33,0x9d,
    0x00,0x00,0x99,0x8b,0xff,0x01,0xee,0xee,0x87,0xff,0x00,0x88,0xc1,0x00,0x01,0x33,0xee,0xa3,0xff,0x00,
    0x88,0xc8,0x00,0x02,0x11,0x00,0xaa,0x89,0xff,0x01,0xdd,0x22,0xa2,0x00,0x00,0x66,0x84,0xff,0x00,0xaa,
    0xa1,0x00,0x00,0xaa,0x83,0xff,0x03,0xdd,0x22,0x33,0xee,0x83,0xff,0x00,0xbb,0x8f,0x00,0x01,0x11,0xdd,
    0x88,0xff,0x01,0xcc,0x22,0x92,0x00,0x01,0x22,0xee,0x8c,0xff,0x00,0x99,0x9d,0x00,0x01,0x11,0xaa,0x94,
    0xff,0x00,0x88,0xc1,0x00,0x01,0x33,0xee,0xa4,0xff,0x00,0x44,0xc9,0x00,0x01,0x22,0xdd,0x89,0xff,0x02,
    0x88,0x00,0x11,0x9e,0x00,0x02,0x11,0x00,0x77,0x84,0xff,0x00,0x99,0xa1,0x00,0x00,0xbb,0x83,0xff,0x03,
    0xdd,0x33,0x33,0xee,0x83,0xff,0x01,0xcc,0x11,0x8f,0x00,0x00,0xaa,0x89,0xff,0x00,0x55,0x93,0x00,0x00,
    0x77,0x8c,0xff,0x01,0xee,0x22,0x9d,0x00,0x01,0x22,0xbb,0x93,0xff,0x00,0x88,0xc1,0x00,0x01,0x33,0xee,
    0xa4,0xff,0x01,0xcc,0x11,0xc9,0x00,0x00,0x66,0x89,0xff,0x01,0xee,0x44,0x9d,0x00,0x04,0x11,0x11,0x00,
    0x00,0xbb,0x84,0xff,0x00,0x66,0xa1,0x00,0x00,0xaa,0x83,0xff,0x03,0xdd,0x33,0x22,0xdd,0x83,0xff,0x01,
    0xdd,0x11,0x8f,0x00,0x00,0x55,0x89,0xff,0x00,0x99,0x93,0x00,0x01,0x11,0xdd,0x8c,0xff,0x01,0x99,0x11,
    0x9d,0x00,0x01,0x22,0xcc,0x92,0xff,0x00,0x88,0xc1,0x00,0x01,0x33,0xee,0xa5,0xff,0x00,0x77,0xc9,0x00,
    0x01,0x11,0xbb,0x89,0xff,0x01,0xcc,0x11,0x9f,0x00,0x01,0x11,0xdd,0x84,0xff,0x00,0x33,0xa1,0x00,0x00,
    0xaa,0x83,0xff,0x03,0xdd,0x33,0x11,0xbb,0x83,0xff,0x01,0xee,0x33,0x8f,0x00,0x01,0x11,0xcc,0x88,0xff,
    0x01,0xdd,0x22,0x93,0x00,0x00,0x66,0x8c,0xff,0x01,0xee,0x55,0x9e,0x00,0x01,0x33,0xdd,0x91,0xff,0x00,
    0x88,0xc1,0x00,0x01,0x33,0xee,0xa5,0xff,0x01,0xee,0x44,0xc9,0x00,0x01,0x55,0xee,0x89,0xff,0x00,0x77,
    0x9f,0x00,0x01,0x44,0xee,0x83,0xff,0x01,0xcc,0x11,0xa1,0x00,0x00,0xaa,0x83,0xff,0x03,0xdd,0x33,0x00,
    0x88,0x84,0xff,0x00,0x66,0x90,0x00,0x00,0x77,0x89,0xff,0x00,0x77,0x94,0x00,0x00,0xbb,0x8c,0xff,0x00,
    0xaa,0x9f,0x00,0x01,0x44,0xdd,0x90,0xff,0x00,0x88,0xc1,0x00,0x01,0x33,0xee,0xa6,0xff,0x01,0xbb,0x11,
    0xc9,0x00,0x00,0x88,0x89,0xff,0x01,0xdd,0x22,0x9e,0x00,0x00,0x99,0x84,0xff,0x00,0x88,0xa2,0x00,0x00,
    0xaa,0x83,0xff,0x03,0xdd,0x33,0x00,0x77,0x84,0xff,0x00,0x77,0x90,0x00,0x01,0x22,0xee,0x88,0xff,0x01,
    0xcc,0x11,0x93,0x00,0x00,0x55,0x8c,0xff,0x01,0xee,0x66,0x9f,0x00,0x01,0x33,0xcc,0x8f,0xff,0x00,0x88,
    0xc1,0x00,0x01,0x33,0xee,0xa7,0xff,0x00,0x66,0xc9,0x00,0x01,0x22,0xdd,0x89,0xff,0x01,0xaa,0x11,0x9c,
    0x00,0x01,0x22,0xcc,0x84,0xff,0x00,0x77,0xa2,0x00,0x00,0xaa,0x83,0xff,0x03,0xdd,0x22,0x00,0x55,0x84,
    0xff,0x00,0x88,0x90,0x00,0x01,0x11,0xbb,0x88,0xff,0x03,0xee,0x55,0x00,0x11,0x91,0x00,0x01,0x11,0xaa,
    0x8c,0xff,0x01,0xee,0x33,0x9f,0x00,0x01,0x44,0xdd,0x8e,0xff,0x00,0x88,0xc1,0x00,0x01,0x33,0xee,0xa7,
    0xff,0x01,0xee,0x44,0xc9,0x00,0x00,0x77,0x8a,0xff,0x00,0x44,0x9c,0x00,0x00,0x55,0x84,0xff,0x01,0xee,
    0x33,0xa2,0x00,0x00,0xbb,0x83,0xff,0x03,0xdd,0x22,0x00,0x44,0x84,0xff,0x01,0xaa,0x11,0x8e,0x00,0x02,
    0x11,0x00,0x55,0x89,0xff,0x01,0xbb,0x11,0x93,0x00,0x01,0x22,0xdd,0x8c,0xff,0x00,0xaa,0xa0,0x00,0x01,
    0x33,0xcc,0x8d,0xff,0x00,0x88,0xc1,0x00,0x01,0x33,0xee,0xa8,0xff,0x01,0xaa,0x11,0xc8,0x00,0x01,0x11,
    0xbb,0x89,0xff,0x01,0xcc,0x11,0x9b,0x00,0x00,0x99,0x84,0xff,0x00,0xcc,0xa3,0x00,0x00,0xbb,0x83,0xff,
    0x04,0xdd,0x33,0x00,0x22,0xdd,0x83,0xff,0x01,0xdd,0x22,0x90,0x00,0x01,0x11,0xcc,0x88,0xff,0x01,0xee,
    0x44,0x94,0x00,0x00,0x77,0x8c,0xff,0x01,0xee,0x44,0xa0,0x00,0x01,0x33,0xcc,0x8c,0xff,0x00,0x99,0xc1,
    0x00,0x01,0x33,0xee,0xa9,0xff,0x02,0x66,0x00,0x11,0xc7,0x00,0x01,0x22,0xdd,0x89,0xff,0x00,0x88,0x9a,
    0x00,0x01,0x33,0xee,0x84,0xff,0x00,0x77,0xa3,0x00,0x00,0xaa,0x83,0xff,0x04,0xdd,0x33,0x00,0x11,0xcc,
    0x84,0xff,0x00,0x55,0x91,0x00,0x00,0x77,0x89,0xff,0x00,0xaa,0x94,0x00,0x01,0x11,0xbb,0x8c,0xff,0x01,
    0xdd,0x33,0xa0,0x00,0x01,0x22,0xaa,0x8b,0xff,0x00,0x99,0xc1,0x00,0x01,0x33,0xee,0xa9,0xff,0x01,0xdd,
    0x22,0xc9,0x00,0x00,0x88,0x89,0xff,0x01,0xee,0x22,0x99,0x00,0x00,0x88,0x84,0xff,0x01,0xdd,0x33,0xa3,
    0x00,0x00,0xaa,0x83,0xff,0x04,0xdd,0x33,0x00,0x00,0x99,0x84,0xff,0x00,0x77,0x91,0x00,0x01,0x33,0xee,
    0x88,0xff,0x01,0xee,0x44,0x94,0x00,0x01,0x33,0xdd,0x8c,0xff,0x00,0xaa,0xa1,0x00,0x01,0x11,0x99,0x8a,
    0xff,0x00,0x88,0xc1,0x00,0x01,0x33,0xee,0xaa,0xff,0x00,0x99,0xc9,0x00,0x01,0x11,0xcc,0x89,0xff,0x02,
    0x99,0x11,0x11,0x96,0x00,0x01,0x11,0xcc,0x84,0xff,0x01,0x99,0x11,0xa3,0x00,0x00,0xbb,0x83,0xff,0x04,
    0xdd,0x33,0x00,0x00,0x66,0x84,0xff,0x00,0xaa,0x90,0x00,0x02,0x11,0x00,0x99,0x89,0xff,0x00,0xaa,0x93,
    0x00,0x02,0x11,0x00,0x77,0x8c,0xff,0x01,0xee,0x55,0xa1,0x00,0x02,0x22,0x88,0xee,0x88,0xff,0x00,0x88,
    0xc1,0x00,0x01,0x33,0xee,0xaa,0xff,0x01,0xee,0x44,0xc9,0x00,0x00,0x55,0x8a,0xff,0x02,0x44,0x00,0x11,
    0x95,0x00,0x00,0x66,0x85,0xff,0x00,0x44,0xa4,0x00,0x00,0xbb,0x83,0xff,0x05,0xdd,0x33,0x00,0x00,0x33,
    0xee,0x83,0xff,0x01,0xdd,0x22,0x8f,0x00,0x03,0x11,0x00,0x33,0xee,0x88,0xff,0x01,0xee,0x33,0x93,0x00,
    0x02,0x11,0x11,0xbb,0x8c,0xff,0x01,0xdd,0x33,0xa2,0x00,0x01,0x44,0xcc,0x87,0xff,0x00,0x88,0xc1,0x00,
    0x01,0x33,0xee,0xab,0xff,0x01,0xbb,0x11,0xc8,0x00,0x01,0x11,0xbb,0x89,0xff,0x01,0xaa,0x22,0x95,0x00,
    0x01,0x22,0xcc,0x84,0xff,0x01,0xbb,0x11,0xa4,0x00,0x00,0xbb,0x83,0xff,0x05,0xdd,0x33,0x00,0x00,0x22,
    0xdd,0x84,0xff,0x00,0x44,0x92,0x00,0x00,0xaa,0x89,0xff,0x00,0x99,0x95,0x00,0x01,0x33,0xdd,0x8c,0xff,
    0x01,0xcc,0x11,0xa2,0x00,0x00,0x99,0x87,0xff,0x00,0x88,0xc1,0x00,0x01,0x33,0xee,0xac,0xff,0x00,0x99,
    0xc9,0x00,0x01,0x33,0xdd,0x89,0xff,0x00,0x88,0x95,0x00,0x00,0x55,0x85,0xff,0x00,0x55,0xa5,0x00,0x00,
    0xbb,0x83,0xff,0x05,0xdd,0x33,0x00,0x00,0x11,0xaa,0x84,0xff,0x00,0x55,0x92,0x00,0x00,0x44,0x89,0xff,
    0x01,0xee,0x33,0x95,0x00,0x00,0x66,0x8d,0xff,0x00,0x99,0xa2,0x00,0x00,0x99,0x87,0xff,0x00,0x88,0xc1,
    0x00,0x01,0x33,0xee,0xac,0xff,0x01,0xee,0x44,0xc9,0x00,0x00,0x77,0x89,0xff,0x01,0xee,0x44,0x93,0x00,
    0x01,0x22,0xbb,0x84,0xff,0x01,0xcc,0x11,0xa4,0x00,0x01,0x11,0xcc,0x83,0xff,0x01,0xdd,0x22,0x82,0x00,
    0x00,0x55,0x84,0xff,0x00,0xaa,0x93,0x00,0x00,0xaa,0x89,0xff,0x00,0xaa,0x96,0x00,0x00,0x99,0x8d,0xff,
    0x00,0x55,0xa1,0x00,0x00,0x99,0x87,0xff,0x00,0x88,0xc1,0x00,0x01,0x33,0xee,0xad,0xff,0x01,0xcc,0x22,
    0xc8,0x00,0x01,0x22,0xcc,0x89,0xff,0x00,0xaa,0x93,0x00,0x00,0x55,0x85,0xff,0x00,0x77,0xa5,0x00,0x01,
    0x11,0xdd,0x83,0xff,0x01,0xcc,0x22,0x82,0x00,0x01,0x33,0xee,0x83,0xff,0x01,0xee,0x44,0x92,0x00,0x00,
    0x44,0x8a,0xff,0x00,0x44,0x95,0x00,0x01,0x22,0xbb,0x8c,0xff,0x01,0xee,0x44,0xa0,0x00,0x00,0x99,0x87,
    0xff,0x00,0x88,0xc1,0x00,0x01,0x33,0xee,0xae,0xff,0x01,0x88,0x11,0xc8,0x00,0x01,0x44,0xee,0x89,0xff,
    0x00,0x66,0x91,0x00,0x01,0x11,0xbb,0x84,0xff,0x01,0xcc,0x22,0xa5,0x00,0x01,0x33,0xee,0x83,0xff,0x00,
    0xbb,0x83,0x00,0x01,0x11,0xbb,0x84,0xff,0x00,0x88,0x93,0x00,0x00,0xbb,0x89,0xff,0x01,0xcc,0x11,0x95,
    0x00,0x01,0x22,0xdd,0x8c,0xff,0x01,0xcc,0x22,0x9f,0x00,0x00,0xaa,0x87,0xff,0x00,0x99,0xc1,0x00,0x01,
    0x33,0xee,0xae,0xff,0x01,0xdd,0x33,0xc9,0x00,0x00,0x99,0x89,0xff,0x01,0xdd,0x22,0x90,0x00,0x00,0x66,
    0x85,0xff,0x00,0x55,0xa6,0x00,0x00,0x55,0x84,0xff,0x00,0xaa,0x84,0x00,0x00,0x77,0x84,0xff,0x01,0xbb,
    0x11,0x92,0x00,0x01,0x44,0xee,0x89,0xff,0x00,0x66,0x96,0x00,0x00,0x55,0x8d,0xff,0x01,0xbb,0x22,0x9e,
    0x00,0x00,0xaa,0x87,0xff,0x00,0x88,0xc1,0x00,0x01,0x33,0xee,0xaf,0xff,0x00,0xaa,0xc9,0x00,0x01,0x33,
    0xcc,0x89,0xff,0x00,0xaa,0x8f,0x00,0x01,0x33,0xdd,0x84,0xff,0x01,0xbb,0x11,0xa6,0x00,0x00,0x66,0x84,
    0xff,0x00,0x99,0x84,0x00,0x01,0x44,0xdd,0x84,0xff,0x00,0x44,0x93,0x00,0x00,0xaa,0x89,0xff,0x01,0xcc,
    0x22,0x96,0x00,0x00,0x77,0x8d,0xff,0x01,0xaa,0x11,0x9d,0x00,0x00,0xaa,0x87,0xff,0x00,0x88,0xc1,0x00,
    0x01,0x33,0xee,0xb0,0xff,0x00,0x77,0xc9,0x00,0x00,0x55,0x8a,0xff,0x00,0x55,0x8e,0x00,0x00,0x99,0x85,
    0xff,0x00,0x66,0xa7,0x00,0x00,0x88,0x84,0xff,0x00,0x88,0x84,0x00,0x01,0x22,0xbb,0x84,0xff,0x00,0x77,
    0x93,0x00,0x00,0x44,0x8a,0xff,0x00,0x77,0x94,0x00,0x82,0x11,0x00,0xaa,0x8d,0xff,0x01,0xaa,0x22,0x9c,
    0x00,0x00,0xaa,0x87,0xff,0x00,0x88,0xc1,0x00,0x01,0x33,0xee,0xb0,0xff,0x01,0xee,0x22,0xc8,0x00,0x01,
    0x11,0xbb,0x89,0xff,0x01,0xcc,0x11,0x8c,0x00,0x01,0x44,0xee,0x84,0xff,0x01,0xcc,0x22,0xa7,0x00,0x00,
    0x99,0x84,0xff,0x00,0x66,0x85,0x00,0x00,0x77,0x84,0xff,0x01,0xcc,0x22,0x93,0x00,0x00,0x99,0x89,0xff,
    0x01,0xdd,0x33,0x94,0x00,0x03,0x11,0x00,0x22,0xcc,0x8d,0xff,0x00,0x99,0x9c,0x00,0x00,0xaa,0x87,0xff,
    0x00,0x88,0xc1,0x00,0x01,0x33,0xee,0xb1,0xff,0x00,0x99,0xc9,0x00,0x01,0x33,0xee,0x89,0xff,0x02,0x77,
    0x00,0x11,0x89,0x00,0x01,0x22,0xcc,0x84,0xff,0x01,0xee,0x44,0xa7,0x00,0x01,0x33,0xdd,0x83,0xff,0x01,
    0xee,0x33,0x85,0x00,0x01,0x33,0xee,0x84,0xff,0x00,0x66,0x93,0x00,0x01,0x22,0xcc,0x89,0xff,0x01,0xbb,
    0x11,0x96,0x00,0x01,0x33,0xcc,0x8c,0xff,0x01,0xee,0x77,0x9b,0x00,0x00,0x99,0x87,0xff,0x02,0x88,0x00,
    0x11,0xbf,0x00,0x01,0x33,0xee,0xb2,0xff,0x00,0x55,0xc9,0x00,0x00,0x88,0x89,0xff,0x01,0xdd,0x22,0x8a,
    0x00,0x00,0x88,0x85,0xff,0x00,0x99,0xa8,0x00,0x00,0x55,0x84,0xff,0x01,0xdd,0x11,0x85,0x00,0x01,0x11,
    0xaa,0x84,0xff,0x01,0xaa,0x11,0x93,0x00,0x00,0x66,0x8a,0xff,0x00,0x55,0x97,0x00,0x01,0x44,0xee,0x8c,
    0xff,0x01,0xee,0x66,0x9a,0x00,0x00,0x99,0x87,0xff,0x02,0x88,0x00,0x11,0xbf,0x00,0x01,0x33,0xee,0xb2,
    0xff,0x01,0xcc,0x22,0xc8,0x00,0x01,0x22,0xdd,0x89,0xff,0x00,0x88,0x89,0x00,0x01,0x33,0xdd,0x84,0xff,
    0x01,0xdd,0x33,0xa8,0x00,0x00,0x88,0x84,0xff,0x00,0xaa,0x87,0x00,0x00,0x44,0x84,0xff,0x01,0xee,0x33,
    0x93,0x00,0x01,0x11,0xcc,0x89,0xff,0x01,0xdd,0x33,0x97,0x00,0x01,0x66,0xee,0x8c,0xff,0x03,0xee,0x77,
    0x11,0x11,0x97,0x00,0x00,0xaa,0x87,0xff,0x00,0x88,0xc1,0x00,0x01,0x33,0xee,0xb3,0xff,0x01,0x99,0x11,
    0xc8,0x00,0x01,0x66,0xee,0x88,0xff,0x01,0xee,0x55,0x87,0x00,0x01,0x11,0xbb,0x85,0xff,0x00,0x77,0xa8,
    0x00,0x01,0x11,0xcc,0x84,0xff,0x00,0x66,0x87,0x00,0x01,0x11,0xcc,0x84,0xff,0x00,0x77,0x92,0x00,0x02,
    0x11,0x00,0x66,0x8a,0xff,0x00,0xaa,0x98,0x00,0x01,0x55,0xee,0x8d,0xff,0x01,0x88,0x11,0x97,0x00,0x00,
    0xaa,0x87,0xff,0x00,0x88,0xc1,0x00,0x01,0x33,0xee,0xb4,0xff,0x00,0x55,0xc9,0x00,0x00,0x99,0x89,0xff,
    0x01,0xcc,0x11,0x86,0x00,0x00,0x77,0x85,0xff,0x01,0xbb,0x11,0xa8,0x00,0x00,0x55,0x84,0xff,0x01,0xee,
    0x22,0x88,0x00,0x00,0x77,0x84,0xff,0x01,0xee,0x33,0x93,0x00,0x01,0x11,0xbb,0x8a,0xff,0x00,0x55,0x98,
    0x00,0x00,0x77,0x8e,0xff,0x01,0x77,0x11,0x96,0x00,0x00,0xaa,0x87,0xff,0x00,0x88,0xc1,0x00,0x01,0x33,
    0xee,0xb4,0xff,0x01,0xdd,0x22,0xc8,0x00,0x01,0x33,0xee,0x89,0xff,0x02,0x88,0x00,0x11,0x83,0x00,0x01,
    0x33,0xdd,0x84,0xff,0x01,0xee,0x44,0xa9,0x00,0x00,0x99,0x84,0xff,0x00,0xaa,0x89,0x00,0x01,0x22,0xdd,
    0x84,0xff,0x00,0x99,0x94,0x00,0x01,0x33,0xee,0x89,0xff,0x01,0xcc,0x11,0x98,0x00,0x00,0x66,0x8e,0xff,
    0x01,0xaa,0x22,0x95,0x00,0x00,0x99,0x87,0xff,0x00,0x88,0xc1,0x00,0x01,0x33,0xee,0xb5,0xff,0x00,0x88,
    0xc8,0x00,0x01,0x11,0x88,0x89,0xff,0x07,0xee,0x44,0x00,0x11,0x00,0x00,0x11,0xaa,0x85,0xff,0x00,0x77,
    0xa9,0x00,0x01,0x11,0xee,0x84,0xff,0x00,0x66,0x8a,0x00,0x00,0x77,0x84,0xff,0x03,0xee,0x44,0x00,0x11,
    0x92,0x00,0x00,0x77,0x8a,0xff,0x00,0x99,0x99,0x00,0x00,0x77,0x8e,0xff,0x01,0xaa,0x11,0x94,0x00,0x00,
    0x99,0x87,0xff,0x00,0x88,0xc1,0x00,0x01,0x33,0xee,0xb6,0xff,0x00,0x55,0xc8,0x00,0x01,0x11,0xbb,0x89,
    0xff,0x05,0xbb,0x22,0x11,0x00,0x00,0x66,0x85,0xff,0x01,0xaa,0x11,0xa9,0x00,0x00,0x88,0x84,0xff,0x01,
    0xdd,0x22,0x8a,0x00,0x01,0x44,0xee,0x84,0xff,0x02,0x88,0x00,0x11,0x92,0x00,0x01,0x11,0xcc,0x8a,0xff,
    0x00,0x66,0x98,0x00,0x01,0x11,0x77,0x8e,0xff,0x01,0xaa,0x22,0x93,0x00,0x00,0x99,0x87,0xff,0x00,0x88,
    0xc1,0x00,0x01,0x33,0xee,0xb6,0xff,0x00,0xbb,0xc9,0x00,0x01,0x44,0xee,0x89,0xff,0x04,0x55,0x11,0x00,
    0x22,0xdd,0x84,0xff,0x03,0xee,0x33,0x00,0x11,0xa7,0x00,0x01,0x33,0xee,0x84,0xff,0x00,0x99,0x8b,0x00,
    0x01,0x11,0x99,0x84,0xff,0x01,0xdd,0x33,0x94,0x00,0x01,0x44,0xee,0x89,0xff,0x03,0xee,0x33,0x00,0x11,
    0x97,0x00,0x00,0x77,0x8e,0xff,0x01,0xcc,0x33,0x92,0x00,0x00,0x99,0x87,0xff,0x00,0x88,0xc1,0x00,0x01,
    0x33,0xee,0xb7,0xff,0x00,0x77,0xc9,0x00,0x00,0xaa,0x89,0xff,0x03,0xcc,0x11,0x11,0xaa,0x85,0xff,0x00,
    0x77,0xaa,0x00,0x00,0x99,0x84,0xff,0x01,0xee,0x44,0x8c,0x00,0x01,0x33,0xee,0x84,0xff,0x01,0xaa,0x11,
    0x94,0x00,0x00,0x88,0x8a,0xff,0x01,0xaa,0x11,0x99,0x00,0x01,0x66,0xee,0x8d,0xff,0x01,0xdd,0x55,0x91,
    0x00,0x00,0x99,0x87,0xff,0x00,0x88,0xc1,0x00,0x01,0x33,0xee,0xb7,0xff,0x01,0xee,0x44,0xc8,0x00,0x01,
    0x22,0xdd,0x89,0xff,0x01,0x88,0x88,0x85,0xff,0x01,0xbb,0x11,0xa9,0x00,0x00,0x55,0x85,0xff,0x01,0x88,
    0x11,0x8d,0x00,0x00,0x99,0x85,0xff,0x00,0x55,0x94,0x00,0x01,0x11,0xcc,0x8a,0xff,0x00,0x77,0x9a,0x00,
    0x00,0x77,0x8e,0xff,0x02,0xee,0x88,0x11,0x8f,0x00,0x00,0xaa,0x87,0xff,0x00,0x88,0xc1,0x00,0x01,0x33,
    0xee,0xb8,0xff,0x03,0xcc,0x11,0x00,0x11,0xc6,0x00,0x00,0x77,0x90,0xff,0x01,0xee,0x33,0xa9,0x00,0x01,
    0x11,0xcc,0x84,0xff,0x01,0xee,0x33,0x8e,0x00,0x01,0x33,0xdd,0x84,0xff,0x01,0xcc,0x22,0x94,0x00,0x01,
    0x44,0xee,0x8a,0xff,0x01,0x66,0x11,0x98,0x00,0x02,0x11,0x66,0xee,0x8e,0xff,0x01,0xbb,0x33,0x8e,0x00,
    0x00,0xaa,0x87,0xff,0x00,0x88,0xc1,0x00,0x01,0x33,0xee,0xb9,0xff,0x02,0x88,0x00,0x11,0xc6,0x00,0x01,
    0x11,0xbb,0x8f,0xff,0x02,0x77,0x00,0x11,0xa8,0x00,0x00,0x99,0x85,0xff,0x00,0x88,0x90,0x00,0x00,0x66,
    0x85,0xff,0x00,0x99,0x95,0x00,0x00,0x77,0x8a,0xff,0x01,0xee,0x44,0x9a,0x00,0x01,0x55,0xdd,0x8e,0xff,
    0x01,0xdd,0x44,0x8d,0x00,0x00,0x99,0x87,0xff,0x00,0x88,0xc1,0x00,0x01,0x33,0xee,0xb9,0xff,0x01,0xee,
    0x33,0xc8,0x00,0x01,0x44,0xee,0x8d,0xff,0x03,0xaa,0x00,0x00,0x11,0xa7,0x00,0x00,0x77,0x85,0xff,0x01,
    0xbb,0x22,0x90,0x00,0x01,0x11,0xbb,0x84,0xff,0x01,0xee,0x55,0x93,0x00,0x02,0x11,0x11,0xcc,0x8a,0xff,
    0x01,0xbb,0x11,0x9a,0x00,0x01,0x44,0xcc,0x8f,0xff,0x01,0x88,0x22,0x8b,0x00,0x00,0x99,0x87,0xff,0x00,
    0x88,0xc1,0x00,0x01,0x33,0xee,0xba,0xff,0x00,0xaa,0xc9,0x00,0x00,0x88,0x8c,0xff,0x03,0xee,0x33,0x00,
    0x11,0xa7,0x00,0x01,0x55,0xee,0x85,0xff,0x00,0x33,0x91,0x00,0x02,0x11,0x55,0xee,0x84,0xff,0x01,0xcc,
    0x11,0x92,0x00,0x03,0x11,0x11,0x55,0xee,0x8a,0xff,0x00,0x88,0x9b,0x00,0x01,0x22,0xbb,0x8f,0xff,0x01,
    0xcc,0x44,0x8a,0x00,0x00,0x99,0x87,0xff,0x00,0x88,0xc1,0x00,0x01,0x33,0xee,0xbb,0xff,0x00,0x55,0xc8,
    0x00,0x01,0x33,0xdd,0x8a,0xff,0x04,0xee,0x55,0x00,0x00,0x11,0xa6,0x00,0x01,0x55,0xee,0x85,0xff,0x00,
    0x88,0x94,0x00,0x00,0x99,0x85,0xff,0x01,0x99,0x11,0x94,0x00,0x00,0x66,0x8b,0xff,0x00,0x88,0x9b,0x00,
    0x01,0x33,0xbb,0x8f,0xff,0x05,0xdd,0x88,0x22,0x00,0x11,0x11,0x85,0x00,0x00,0x99,0x87,0xff,0x00,0x88,
    0xc1,0x00,0x01,0x33,0xee,0xbb,0xff,0x01,0xee,0x33,0xc8,0x00,0x01,0x33,0xee,0x89,0xff,0x01,0xbb,0x11,
    0xa8,0x00,0x01,0x55,0xee,0x85,0xff,0x01,0xcc,0x11,0x94,0x00,0x01,0x33,0xdd,0x85,0xff,0x00,0x55,0x95,
    0x00,0x00,0x99,0x8a,0xff,0x01,0xee,0x55,0x9b,0x00,0x02,0x11,0x77,0xee,0x8f,0xff,0x03,0xcc,0x55,0x00,
    0x11,0x84,0x00,0x01,0x11,0xaa,0x87,0xff,0x00,0x88,0xc1,0x00,0x01,0x33,0xee,0xbc,0xff,0x01,0xbb,0x11,
    0xc8,0x00,0x00,0x99,0x89,0xff,0x01,0xbb,0x11,0xa7,0x00,0x01,0x55,0xee,0x85,0xff,0x01,0xcc,0x33,0x96,
    0x00,0x01,0x55,0xee,0x84,0xff,0x01,0xcc,0x22,0x94,0x00,0x01,0x22,0xbb,0x8a,0xff,0x01,0xdd,0x44,0x9b,
    0x00,0x02,0x11,0x44,0xdd,0x90,0xff,0x01,0xaa,0x33,0x84,0x00,0x01,0x11,0xaa,0x87,0xff,0x00,0x88,0xc1,
    0x00,0x01,0x33,0xee,0xbd,0xff,0x00,0x44,0xc8,0x00,0x01,0x22,0xdd,0x89,0xff,0x00,0x66,0xa6,0x00,0x01,
    0x77,0xee,0x85,0xff,0x01,0xee,0x44,0x98,0x00,0x00,0x88,0x85,0xff,0x01,0xbb,0x11,0x94,0x00,0x01,0x44,
    0xdd,0x8a,0xff,0x01,0xcc,0x33,0x99,0x00,0x04,0x11,0x11,0x00,0x33,0xcc,0x90,0xff,0x02,0xee,0x77,0x22,
    0x83,0x00,0x00,0xaa,0x87,0xff,0x00,0x99,0xc1,0x00,0x01,0x33,0xee,0xbd,0xff,0x01,0xdd,0x22,0xc8,0x00,
    0x00,0x88,0x89,0xff,0x01,0xdd,0x11,0xa1,0x00,0x03,0x11,0x11,0x22,0x99,0x86,0xff,0x02,0xdd,0x66,0x11,
    0x98,0x00,0x01,0x11,0xbb,0x85,0xff,0x01,0xaa,0x11,0x85,0x00,0x01,0x11,0x11,0x88,0x00,0x04,0x11,0x11,
    0x00,0x00,0x55,0x8b,0xff,0x01,0xcc,0x11,0x89,0x00,0x01,0x11,0x11,0x8d,0x00,0x04,0x11,0x11,0x00,0x22,
    0x99,0x91,0xff,0x05,0xcc,0x77,0x11,0x00,0x00,0xaa,0x87,0xff,0x00,0x88,0xc1,0x00,0x01,0x33,0xee,0xbe,
    0xff,0x00,0x99,0xc8,0x00,0x01,0x11,0xcc,0x89,0xff,0x00,0x88,0xa2,0x00,0x01,0x55,0xcc,0x86,0xff,0x01,
    0xdd,0x33,0x9b,0x00,0x01,0x44,0xdd,0x85,0xff,0x01,0x99,0x11,0x94,0x00,0x00,0x99,0x8b,0xff,0x01,0xaa,
    0x22,0x9d,0x00,0x01,0x66,0xcc,0x91,0xff,0x03,0xbb,0x66,0x11,0xaa,0x87,0xff,0x00,0x88,0xc1,0x00,0x01,
    0x22,0xee,0xbe,0xff,0x01,0xee,0x55,0xc8,0x00,0x00,0x55,0x8a,0xff,0x00,0x55,0x9f,0x00,0x02,0x33,0x88,
    0xee,0x86,0xff,0x01,0xcc,0x55,0x9d,0x00,0x01,0x55,0xee,0x84,0xff,0x01,0xee,0x99,0x87,0x66,0x00,0x55,
    0x82,0x66,0x01,0x55,0x55,0x86,0x66,0x00,0x88,0x8c,0xff,0x01,0xbb,0x77,0x90,0x66,0x86,0x55,0x84,0x66,
    0x01,0x77,0xaa,0x93,0xff,0x01,0xbb,0xdd,0x87,0xff,0x00,0x99,0xc1,0x22,0x00,0x44,0xc0,0xff,0x01,0xcc,
    0x22,0xc7,0x00,0x01,0x11,0xbb,0x89,0xff,0x01,0xdd,0x22,0x9c,0x00,0x02,0x11,0x55,0xdd,0x87,0xff,0x01,
    0xcc,0x33,0x9f,0x00,0x00,0x77,0xe8,0xff,0x01,0xee,0xdd,0xbc,0xee,0x00,0xdd,0x83,0xee,0xc1,0xff,0x00,
    0x99,0xc8,0x00,0x01,0x33,0xdd,0x89,0xff,0x00,0x77,0x9b,0x00,0x01,0x44,0xaa,0x88,0xff,0x01,0xcc,0x33,
    0xa0,0x00,0x01,0x11,0x99,0xff,0xff,0xed,0xff,0x01,0xee,0x44,0xc8,0x00,0x00,0x77,0x89,0xff,0x01,0xdd,
    0x44,0x98,0x00,0x02,0x33,0x99,0xee,0x87,0xff,0x03,0xee,0x99,0x33,0x11,0xa1,0x00,0x01,0x11,0xbb,0xff,
    0xff,0xed,0xff,0x01,0xbb,0x11,0xc7,0x00,0x01,0x11,0xcc,0x89,0xff,0x01,0x99,0x11,0x94,0x00,0x03,0x11,
    0x44,0x99,0xee,0x88,0xff,0x01,0xcc,0x44,0xa5,0x00,0x01,0x22,0xbb,0xff,0xff,0xed,0xff,0x00,0x88,0xc8,
    0x00,0x01,0x44,0xee,0x89,0xff,0x00,0x55,0x92,0x00,0x03,0x11,0x66,0xaa,0xee,0x89,0xff,0x01,0x99,0x22,
    0xa7,0x00,0x01,0x11,0xaa,0xff,0xff,0xec,0xff,0x01,0xee,0x33,0xc8,0x00,0x00,0x88,0x89,0xff,0x01,0xdd,
    0x33,0x8e,0x00,0x03,0x11,0x33,0x88,0xdd,0x8a,0xff,0x02,0xcc,0x66,0x11,0xa7,0x00,0x03,0x11,0x00,0x22,
    0xcc,0xff,0xff,0xec,0xff,0x00,0xaa,0xc8,0x00,0x01,0x22,0xcc,0x89,0xff,0x00,0x99,0x8b,0x00,0x04,0x11,
    0x22,0x66,0xbb,0xee,0x8a,0xff,0x05,0xdd,0x77,0x11,0x00,0x00,0x11,0xa9,0x00,0x01,0x22,0xaa,0xff,0xff,
    0xec,0xff,0x01,0x77,0x11,0xc7,0x00,0x00,0x66,0x89,0xff,0x05,0xee,0x44,0x00,0x00,0x11,0x11,0x83,0x00,
    0x04,0x11,0x22,0x66,0xbb,0xdd,0x8b,0xff,0x02,0xdd,0x88,0x22,0xaf,0x00,0x01,0x22,0xcc,0xff,0xff,0xeb,
    0xff,0x01,0xee,0x33,0xc6,0x00,0x02,0x11,0x11,0xcc,0x89,0xff,0x00,0xaa,0x85,0x00,0x03,0x22,0x77,0xbb,
    0xee,0x8c,0xff,0x02,0xdd,0x77,0x22,0xb2,0x00,0x00,0x66,0xff,0xff,0xec,0xff,0x01,0x99,0x11,0xc5,0x00,
    0x03,0x11,0x00,0x44,0xee,0x88,0xff,0x07,0xee,0x66,0x00,0x55,0x66,0xaa,0xcc,0xdd,0x8d,0xff,0x02,0xbb,
    0x66,0x22,0xb4,0x00,0x01,0x11,0xaa,0xff,0xff,0xec,0xff,0x00,0x77,0xc8,0x00,0x00,0x77,0x89,0xff,0x01,
    0xee,0xcc,0x8f,0xff,0x03,0xdd,0x99,0x66,0x11,0xb5,0x00,0x03,0x11,0x00,0x22,0xdd,0xff,0xff,0xeb,0xff,
    0x01,0xdd,0x22,0xc7,0x00,0x01,0x11,0xbb,0x97,0xff,0x03,0xee,0xcc,0x88,0x33,0xbb,0x00,0x00,0x66,0xff,
    0xff,0xec,0xff,0x00,0x88,0xc8,0x00,0x00,0x66,0x95,0xff,0x03,0xbb,0x88,0x44,0x22,0xbd,0x00,0x01,0x11,
    0xbb,0xff,0xff,0xec,0xff,0x00,0x55,0xc7,0x00,0x01,0x22,0xaa,0x90,0xff,0x04,0xee,0xbb,0x99,0x55,0x22,
    0xc1,0x00,0x01,0x22,0xee,0xff,0xff,0xeb,0xff,0x01,0xcc,0x11,0xc7,0x00,0x01,0x22,0xee,0x8c,0xff,0x04,
    0xdd,0xbb,0x77,0x22,0x11,0xc5,0x00,0x00,0x99,0xff,0xff,0xec,0xff,0x00,0x88,0xc7,0x00,0x01,0x11,0x88,
    0x8a,0xff,0x02,0xbb,0x55,0x22,0x8a,0x00,0x00,0x11,0xbd,0x00,0x01,0x22,0xcc,0xff,0xff,0xeb,0xff,0x01,
    0xee,0x44,0xc7,0x00,0x01,0x11,0xbb,0x89,0xff,0x01,0xaa,0x11,0xcb,0x00,0x01,0x44,0xee,0xff,0xff,0xeb,
    0xff,0x01,0xbb,0x11,0xc7,0x00,0x00,0x44,0x8a,0xff,0x00,0x55,0xcc,0x00,0x00,0x99,0xff,0xff,0xec,0xff,
    0x00,0x77,0xc8,0x00,0x00,0x99,0x89,0xff,0x01,0xcc,0x22,0xcb,0x00,0x01,0x22,0xdd,0xff,0xff,0xeb,0xff,
    0x01,0xdd,0x33,0xc7,0x00,0x01,0x22,0xdd,0x89,0xff,0x00,0x88,0x87,0x00,0x00,0x11,0xc3,0x00,0x01,0x44,
    0xee,0xff,0xff,0xeb,0xff,0x01,0xbb,0x11,0xc7,0x00,0x00,0x77,0x89,0xff,0x01,0xee,0x33,0xcc,0x00,0x00,
    0x99,0xff,0xff,0xec,0xff,0x00,0x77,0xc7,0x00,0x01,0x22,0xcc,0x89,0xff,0x01,0x99,0x11,0xcb,0x00,0x01,
    0x44,0xee,0xff,0xff,0xeb,0xff,0x01,0xee,0x44,0xc7,0x00,0x01,0x44,0xee,0x89,0xff,0x00,0x66,0xcc,0x00,
    0x00,0x66,0xff,0xff,0xec,0xff,0x01,0xbb,0x11,0xc7,0x00,0x00,0x77,0x89,0xff,0x03,0xee,0x22,0x00,0x11,
    0xc9,0x00,0x01,0x11,0xaa,0xff,0xff,0xec,0xff,0x00,0x44,0xc7,0x00,0x01,0x22,0xdd,0x89,0xff,0x02,0x88,
    0x00,0x11,0xca,0x00,0x01,0x33,0xee,0xff,0xff,0xeb,0xff,0x01,0xdd,0x33,0xc5,0x00,0x02,0x11,0x00,0x55,
    0x8a,0xff,0x00,0x44,0xcc,0x00,0x00,0x77,0xff,0xff,0xec,0xff,0x00,0xaa,0xc7,0x00,0x01,0x11,0xbb,0x89,
    0xff,0x00,0xbb,0xcc,0x00,0x01,0x11,0xcc,0xff,0xff,0xec,0xff,0x00,0x66,0xc7,0x00,0x01,0x33,0xee,0x89,
    0xff,0x00,0x66,0xcc,0x00,0x01,0x44,0xee,0xff,0xff,0xeb,0xff,0x01,0xdd,0x22,0xc7,0x00,0x00,0x88,0x89,
    0xff,0x01,0xdd,0x33,0xcc,0x00,0x00,0x88,0xff,0xff,0xec,0xff,0x00,0x99,0xc7,0x00,0x01,0x22,0xdd,0x89,
    0xff,0x00,0x99,0xcc,0x00,0x01,0x22,0xcc,0xff,0xff,0xec,0xff,0x00,0x44,0xc7,0x00,0x01,0x66,0xee,0x89,
    0xff,0x00,0x55,0xcc,0x00,0x00,0x44,0xff,0xff,0xec,0xff,0x01,0xbb,0x22,0xc7,0x00,0x00,0x99,0x89,0xff,
    0x01,0xcc,0x11,0xcc,0x00,0x00,0x99,0xcc,0xff,0x00,0xee,0x8a,0xdd,0x01,0xcc,0xee,0x93,0xff,0x02,0xcc,
    0x88,0x77,0x82,0x66,0x01,0x77,0xbb,0x93,0xff,0x09,0xee,0xaa,0x77,0x77,0x66,0x66,0x77,0x88,0x99,0xbb,
    0x98,0xff,0x00,0xee,0x82,0xcc,0x03,0xdd,0xcc,0xcc,0xdd,0xb6,0xff,0x00,0xaa,0xc7,0x00,0x01,0x33,0xee,
    0x89,0xff,0x00,0x77,0xcc,0x00,0x01,0x22,0xdd,0xcb,0xff,0x01,0x66,0x22,0x8a,0x11,0x00,0x77,0x91,0xff,
    0x02,0xcc,0x55,0x11,0x85,0x00,0x02,0x22,0x44,0xaa,0x8f,0xff,0x02,0xee,0x88,0x33,0x87,0x00,0x02,0x11,
    0x44,0xbb,0x95,0xff,0x04,0xee,0x44,0x11,0x22,0x22,0x82,0x11,0x01,0x33,0xee,0xb5,0xff,0x01,0xee,0x44,
    0xc7,0x00,0x00,0x77,0x89,0xff,0x01,0xee,0x33,0xcc,0x00,0x00,0x77,0xca,0xff,0x01,0xee,0x33,0x8b,0x00,
    0x00,0x55,0x90,0xff,0x01,0xaa,0x22,0x87,0x00,0x04,0x11,0x00,0x00,0x55,0xee,0x8c,0xff,0x01,0xcc,0x44,
    0x8b,0x00,0x02,0x11,0x66,0xcc,0x93,0xff,0x00,0x88,0x86,0x00,0x01,0x11,0xdd,0xb6,0xff,0x01,0xcc,0x11,
    0xc7,0x00,0x00,0xbb,0x89,0xff,0x01,0xaa,0x11,0xcb,0x00,0x01,0x11,0xbb,0xc9,0xff,0x01,0xee,0x33,0x8b,
    0x00,0x00,0x66,0x8f,0xff,0x01,0x77,0x11,0x8c,0x00,0x01,0x44,0xee,0x8a,0xff,0x04,0x88,0x11,0x00,0x11,
    0x11,0x87,0x00,0x00,0x11,0x82,0x00,0x01,0x22,0xaa,0x91,0xff,0x01,0xbb,0x11,0x86,0x00,0x01,0x11,0xdd,
    0xb7,0xff,0x00,0x77,0xc7,0x00,0x01,0x33,0xee,0x89,0xff,0x00,0x55,0xcc,0x00,0x01,0x33,0xee,0xc8,0xff,
    0x01,0xee,0x33,0x8b,0x00,0x00,0x55,0x8e,0xff,0x00,0xaa,0x8f,0x00,0x01,0x66,0xee,0x88,0xff,0x00,0x66,
    0x8f,0x00,0x03,0x11,0x00,0x11,0xaa,0x8f,0xff,0x01,0xdd,0x33,0x87,0x00,0x01,0x11,0xdd,0xb7,0xff,0x01,
    0xee,0x33,0xc7,0x00,0x00,0x99,0x89,0xff,0x02,0xcc,0x22,0x11,0xcb,0x00,0x00,0x77,0xc8,0xff,0x03,0xee,
    0x33,0x00,0x11,0x89,0x00,0x00,0x55,0x8d,0xff,0x01,0xee,0x44,0x8f,0x00,0x01,0x11,0xaa,0x87,0xff,0x01,
    0x99,0x11,0x8a,0x00,0x00,0x11,0x84,0x00,0x03,0x11,0x00,0x33,0xdd,0x8e,0xff,0x00,0x77,0x88,0x00,0x01,
    0x11,0xdd,0xb8,0xff,0x01,0xaa,0x11,0xc6,0x00,0x01,0x22,0xdd,0x89,0xff,0x01,0x88,0x11,0xcb,0x00,0x01,
    0x11,0xaa,0xc7,0xff,0x01,0xee,0x33,0x8b,0x00,0x00,0x55,0x8d,0xff,0x00,0xaa,0x86,0x00,0x03,0x11,0x33,
    0x44,0x22,0x86,0x00,0x00,0x55,0x86,0xff,0x01,0xdd,0x22,0x94,0x00,0x00,0x77,0x8d,0xff,0x01,0x88,0x11,
    0x88,0x00,0x01,0x11,0xdd,0xb9,0xff,0x00,0x66,0xc7,0x00,0x00,0x66,0x89,0xff,0x01,0xee,0x33,0xcc,0x00,
    0x00,0x33,0xc8,0xff,0x00,0x88,0x82,0x55,0x01,0x66,0x22,0x86,0x00,0x00,0x55,0x8d,0xff,0x00,0x77,0x85,
    0x00,0x05,0x22,0xaa,0xee,0xff,0xdd,0x66,0x85,0x00,0x01,0x33,0xee,0x85,0xff,0x00,0x77,0x87,0x00,0x05,
    0x11,0x66,0x88,0x99,0x88,0x33,0x87,0x00,0x01,0x22,0xdd,0x8b,0xff,0x01,0xdd,0x11,0x89,0x00,0x01,0x11,
    0xdd,0xb9,0xff,0x01,0xdd,0x33,0xc7,0x00,0x00,0x99,0x89,0xff,0x01,0xbb,0x11,0xcc,0x00,0x00,0x99,0xcc,
    0xff,0x02,0x77,0x00,0x11,0x84,0x00,0x00,0x55,0x8d,0xff,0x00,0x66,0x85,0x00,0x00,0xbb,0x83,0xff,0x01,
    0xee,0x44,0x84,0x00,0x01,0x22,0xdd,0x84,0xff,0x01,0xdd,0x33,0x86,0x00,0x01,0x33,0xbb,0x83,0xff,0x01,
    0xee,0x88,0x87,0x00,0x00,0x77,0x8b,0xff,0x02,0x55,0x00,0x11,0x88,0x00,0x01,0x11,0xdd,0xba,0xff,0x00,
    0xaa,0xc7,0x00,0x01,0x22,0xdd,0x89,0xff,0x00,0x77,0xcc,0x00,0x01,0x11,0xcc,0xcb,0xff,0x02,0x88,0x00,
    0x11,0x84,0x00,0x00,0x55,0x8d,0xff,0x00,0x55,0x84,0x00,0x01,0x11,0xcc,0x84,0xff,0x00,0x88,0x84,0x00,
    0x01,0x11,0xcc,0x84,0xff,0x01,0xbb,0x11,0x85,0x00,0x01,0x22,0xcc,0x86,0xff,0x00,0x66,0x86,0x00,0x00,
    0x44,0x8a,0xff,0x01,0x88,0x11,0x82,0x00,0x00,0x11,0x86,0x00,0x01,0x11,0xdd,0xbb,0xff,0x00,0x77,0xc7,
    0x00,0x00,0x88,0x89,0xff,0x01,0xcc,0x11,0xcc,0x00,0x00,0x55,0xcb,0xff,0x02,0x88,0x00,0x11,0x84,0x00,
    0x00,0x55,0x8d,0xff,0x00,0x66,0x84,0x00,0x01,0x11,0xcc,0x84,0xff,0x00,0x77,0x84,0x00,0x01,0x11,0xdd,
    0x84,0xff,0x00,0x99,0x86,0x00,0x00,0x55,0x87,0xff,0x01,0xcc,0x11,0x85,0x00,0x01,0x22,0xdd,0x88,0xff,
    0x01,0xbb,0x11,0x8b,0x00,0x01,0x11,0xdd,0xbb,0xff,0x01,0xdd,0x33,0xc6,0x00,0x01,0x44,0xdd,0x89,0xff,
    0x00,0x99,0xcc,0x00,0x01,0x11,0xaa,0xca,0xff,0x02,0x88,0x00,0x11,0x84,0x00,0x00,0x55,0x8d,0xff,0x00,
    0x88,0x85,0x00,0x00,0xaa,0x83,0xff,0x01,0xee,0x33,0x84,0x00,0x00,0x44,0x85,0xff,0x00,0x77,0x86,0x00,
    0x00,0x66,0x87,0xff,0x01,0xee,0x33,0x85,0x00,0x01,0x11,0xcc,0x87,0xff,0x01,0xee,0x33,0x84,0x00,0x02,
    0x11,0x44,0x11,0x84,0x00,0x01,0x11,0xdd,0xbc,0xff,0x01,0xbb,0x11,0xc6,0x00,0x00,0x66,0x8a,0xff,0x00,
    0x44,0xcc,0x00,0x01,0x33,0xdd,0xc9,0xff,0x02,0x88,0x00,0x11,0x84,0x00,0x00,0x55,0x8d,0xff,0x01,0xcc,
    0x11,0x84,0x00,0x01,0x33,0xcc,0x82,0xee,0x00,0x66,0x85,0x00,0x00,0xaa,0x85,0xff,0x00,0x66,0x86,0x00,
    0x00,0x77,0x87,0xff,0x01,0xee,0x33,0x85,0x00,0x01,0x11,0xcc,0x87,0xff,0x00,0x77,0x85,0x00,0x03,0x99,
    0xaa,0x11,0x11,0x83,0x00,0x01,0x11,0xdd,0xbd,0xff,0x00,0x55,0xc6,0x00,0x01,0x11,0xbb,0x89,0xff,0x01,
    0xcc,0x11,0xcc,0x00,0x00,0x55,0xc9,0xff,0x02,0x88,0x00,0x11,0x84,0x00,0x00,0x55,0x8e,0xff,0x01,0x88,
    0x11,0x84,0x00,0x04,0x11,0x33,0x44,0x22,0x11,0x84,0x00,0x01,0x44,0xee,0x85,0xff,0x00,0x77,0x86,0x00,
    0x00,0x66,0x87,0xff,0x01,0xcc,0x11,0x85,0x00,0x01,0x11,0xcc,0x86,0xff,0x00,0xaa,0x85,0x00,0x02,0x44,
    0xff,0xcc,0x85,0x00,0x01,0x11,0xdd,0xbd,0xff,0x01,0xdd,0x22,0xc6,0x00,0x01,0x33,0xee,0x89,0xff,0x00,
    0x77,0xca,0x00,0x82,0x11,0x00,0xaa,0xc8,0xff,0x02,0x88,0x00,0x11,0x84,0x00,0x00,0x55,0x8e,0xff,0x01,
    0xee,0x55,0x8d,0x00,0x01,0x44,0xdd,0x86,0xff,0x00,0x88,0x86,0x00,0x01,0x22,0xdd,0x86,0xff,0x00,0x77,
    0x86,0x00,0x01,0x11,0xcc,0x85,0xff,0x01,0xdd,0x33,0x84,0x00,0x04,0x33,0xcc,0xff,0xbb,0x11,0x84,0x00,
    0x01,0x11,0xdd,0xbe,0xff,0x00,0x88,0xc7,0x00,0x00,0x66,0x89,0xff,0x01,0xee,0x22,0xca,0x00,0x03,0x11,
    0x00,0x33,0xdd,0xc7,0xff,0x02,0x88,0x00,0x11,0x84,0x00,0x00,0x55,0x8f,0xff,0x00,0xcc,0x8c,0x00,0x01,
    0x11,0xbb,0x87,0xff,0x00,0xbb,0x87,0x00,0x01,0x33,0xaa,0x83,0xff,0x02,0xee,0x99,0x11,0x86,0x00,0x01,
    0x33,0xdd,0x85,0xff,0x02,0x66,0x00,0x11,0x83,0x00,0x03,0x88,0xff,0xff,0xcc,0x85,0x00,0x01,0x11,0xdd,
    0xbe,0xff,0x01,0xee,0x44,0xc6,0x00,0x01,0x11,0xcc,0x89,0xff,0x00,0x88,0xcd,0x00,0x00,0x77,0xc7,0xff,
    0x02,0x88,0x00,0x11,0x84,0x00,0x00,0x55,0x8e,0xff,0x02,0xdd,0x66,0x11,0x8c,0x00,0x01,0x44,0xaa,0x86,
    0xff,0x01,0xee,0x22,0x87,0x00,0x06,0x11,0x55,0x99,0x99,0x88,0x55,0x11,0x87,0x00,0x00,0x66,0x85,0xff,
    0x0b,0x99,0x00,0x11,0x00,0x00,0x11,0x00,0x33,0xdd,0xff,0xff,0xcc,0x85,0x00,0x01,0x11,0xdd,0xbf,0xff,
    0x02,0xcc,0x22,0x11,0xc5,0x00,0x00,0x44,0x89,0xff,0x01,0xee,0x33,0xcc,0x00,0x01,0x11,0xcc,0xc6,0xff,
    0x02,0x88,0x00,0x11,0x84,0x00,0x00,0x55,0x8d,0xff,0x02,0xcc,0x22,0x11,0x8e,0x00,0x01,0x11,0x99,0x86,
    0xff,0x00,0x66,0x95,0x00,0x01,0x11,0xbb,0x84,0xff,0x03,0xcc,0x22,0x00,0x11,0x82,0x00,0x01,0x11,0xbb,
    0x82,0xff,0x00,0xcc,0x85,0x00,0x01,0x11,0xdd,0xc0,0xff,0x00,0x88,0xc7,0x00,0x00,0x99,0x89,0xff,0x01,
    0xaa,0x11,0xcc,0x00,0x01,0x44,0xee,0xc5,0xff,0x02,0x88,0x00,0x11,0x84,0x00,0x00,0x66,0x8c,0xff,0x01,
    0xdd,0x33,0x85,0x00,0x00,0x11,0x8a,0x00,0x01,0x22,0xaa,0x85,0xff,0x01,0xcc,0x22,0x94,0x00,0x00,0x66,
    0x84,0xff,0x01,0xee,0x55,0x85,0x00,0x00,0x77,0x83,0xff,0x00,0xcc,0x85,0x00,0x01,0x11,0xdd,0xc0,0xff,
    0x01,0xdd,0x33,0xc6,0x00,0x01,0x33,0xdd,0x89,0xff,0x01,0x99,0x11,0xcc,0x00,0x00,0x88,0xc5,0xff,0x02,
    0x88,0x00,0x11,0x84,0x00,0x00,0x66,0x8c,0xff,0x00,0x88,0x86,0x00,0x05,0x11,0x55,0x88,0x88,0x77,0x22,
    0x86,0x00,0x01,0x33,0xee,0x85,0xff,0x03,0x88,0x11,0x00,0x11,0x90,0x00,0x01,0x11,0xcc,0x84,0xff,0x00,
    0x88,0x85,0x00,0x01,0x22,0xdd,0x83,0xff,0x00,0xbb,0x85,0x00,0x01,0x11,0xcc,0xc1,0xff,0x01,0xbb,0x11,
    0xc6,0x00,0x00,0x77,0x89,0xff,0x01,0xee,0x44,0xcc,0x00,0x01,0x33,0xcc,0xc4,0xff,0x02,0x88,0x00,0x11,
    0x84,0x00,0x00,0x55,0x8b,0xff,0x01,0xdd,0x22,0x85,0x00,0x02,0x11,0x88,0xee,0x82,0xff,0x01,0xcc,0x22,
    0x86,0x00,0x00,0x99,0x86,0xff,0x01,0x77,0x11,0x91,0x00,0x00,0x77,0x84,0xff,0x01,0xcc,0x11,0x84,0x00,
    0x01,0x11,0xaa,0x84,0xff,0x00,0xcc,0x85,0x00,0x01,0x11,0xdd,0xc2,0xff,0x00,0x77,0xc6,0x00,0x01,0x11,
    0xaa,0x89,0xff,0x00,0xaa,0xcd,0x00,0x00,0x55,0xc4,0xff,0x02,0x88,0x00,0x11,0x84,0x00,0x00,0x55,0x8b,
    0xff,0x00,0x99,0x86,0x00,0x00,0x66,0x85,0xff,0x00,0x88,0x86,0x00,0x01,0x44,0xee,0x86,0xff,0x00,0x88,
    0x90,0x00,0x01,0x44,0xee,0x83,0xff,0x01,0xee,0x44,0x85,0x00,0x03,0x11,0x66,0x99,0x99,0x82,0xaa,0x00,
    0x77,0x85,0x00,0x04,0x11,0x77,0xaa,0xaa,0xdd,0xbf,0xff,0x01,0xdd,0x33,0xc6,0x00,0x01,0x44,0xee,0x89,
    0xff,0x00,0x44,0xcd,0x00,0x00,0xaa,0xc3,0xff,0x02,0x88,0x00,0x11,0x84,0x00,0x00,0x55,0x8b,0xff,0x00,
    0x66,0x86,0x00,0x00,0x88,0x85,0xff,0x00,0xcc,0x86,0x00,0x01,0x22,0xee,0x87,0xff,0x01,0xaa,0x44,0x8d,
    0x00,0x01,0x11,0xbb,0x84,0xff,0x00,0xbb,0x98,0x00,0x00,0x55,0xc0,0xff,0x01,0xaa,0x11,0xc6,0x00,0x00,
    0x88,0x89,0xff,0x01,0xcc,0x22,0xcc,0x00,0x01,0x44,0xee,0xc2,0xff,0x00,0x88,0x86,0x00,0x00,0x55,0x8b,
    0xff,0x00,0x55,0x86,0x00,0x00,0x88,0x85,0xff,0x01,0xdd,0x11,0x85,0x00,0x01,0x22,0xdd,0x89,0xff,0x05,
    0xbb,0x88,0x66,0x44,0x44,0x22,0x87,0x00,0x01,0x66,0xee,0x84,0xff,0x00,0xaa,0x96,0x00,0x02,0x11,0x00,
    0x44,0xc1,0xff,0x00,0x55,0xc6,0x00,0x01,0x22,0xcc,0x89,0xff,0x00,0x77,0xcd,0x00,0x01,0x55,0xee,0xc1,
    0xff,0x00,0x88,0x86,0x00,0x00,0x55,0x8b,0xff,0x00,0x55,0x86,0x00,0x00,0x77,0x85,0xff,0x01,0xdd,0x11,
    0x85,0x00,0x01,0x22,0xee,0x8d,0xff,0x01,0xcc,0x33,0x86,0x00,0x01,0x33,0xee,0x85,0xff,0x00,0xaa,0x98,
    0x00,0x00,0x44,0xc1,0xff,0x01,0xcc,0x22,0xc6,0x00,0x01,0x55,0xee,0x88,0xff,0x01,0xee,0x44,0xcd,0x00,
    0x00,0x99,0xc1,0xff,0x00,0x88,0x86,0x00,0x00,0x55,0x8b,0xff,0x00,0x55,0x86,0x00,0x01,0x33,0xdd,0x84,
    0xff,0x00,0x88,0x86,0x00,0x01,0x22,0xee,0x8d,0xff,0x01,0x88,0x11,0x86,0x00,0x00,0x99,0x86,0xff,0x02,
    0xaa,0x00,0x11,0x96,0x00,0x00,0x44,0xc2,0xff,0x00,0x99,0xc6,0x00,0x01,0x11,0xaa,0x89,0xff,0x01,0xbb,
    0x11,0xcc,0x00,0x01,0x22,0xdd,0xb9,0xff,0x02,0xbb,0xaa,0xbb,0x83,0xaa,0x00,0x55,0x86,0x00,0x02,0x33,
    0x99,0xaa,0x82,0xbb,0x01,0xaa,0xcc,0x84,0xff,0x00,0x88,0x87,0x00,0x06,0x77,0xdd,0xff,0xff,0xee,0x88,
    0x11,0x86,0x00,0x01,0x44,0xee,0x8c,0xff,0x01,0xbb,0x22,0x86,0x00,0x01,0x44,0xee,0x86,0xff,0x01,0xaa,
    0x00,0x82,0x11,0x94,0x00,0x00,0x44,0xc3,0xff,0x00,0x66,0xc6,0x00,0x01,0x44,0xee,0x89,0xff,0x00,0x55,
    0xcd,0x00,0x00,0x77,0xb8,0xff,0x03,0xdd,0x22,0x00,0x11,0x83,0x00,0x01,0x11,0x11,0x87,0x00,0x05,0x11,
    0x00,0x00,0x11,0x00,0x66,0x84,0xff,0x02,0xcc,0x11,0x00,0x82,0x11,0x83,0x00,0x03,0x22,0x44,0x55,0x33,
    0x88,0x00,0x00,0x88,0x8c,0xff,0x01,0xee,0x33,0x86,0x00,0x01,0x33,0xdd,0x87,0xff,0x05,0xaa,0x22,0x33,
    0x22,0x33,0x33,0x83,0x22,0x82,0x33,0x02,0x22,0x22,0x11,0x86,0x00,0x03,0x11,0x22,0x22,0x55,0xc3,0xff,
    0x01,0xdd,0x22,0xc4,0x00,0x02,0x11,0x00,0x88,0x89,0xff,0x01,0xdd,0x22,0xcc,0x00,0x01,0x11,0xaa,0xb7,
    0xff,0x01,0xdd,0x11,0x94,0x00,0x00,0x66,0x85,0xff,0x03,0x66,0x00,0x11,0x11,0x90,0x00,0x01,0x22,0xdd,
    0x8c,0xff,0x00,0x77,0x87,0x00,0x00,0xbb,0x89,0xff,0x00,0xdd,0x8a,0xee,0x02,0xdd,0xee,0x88,0x86,0x00,
    0x00,0xaa,0x82,0xee,0xc4,0xff,0x02,0x99,0x00,0x11,0xc2,0x00,0x03,0x11,0x00,0x11,0xbb,0x89,0xff,0x00,
    0x99,0xcd,0x00,0x01,0x33,0xee,0xb6,0xff,0x01,0xee,0x22,0x94,0x00,0x00,0x55,0x85,0xff,0x03,0xdd,0x33,
    0x00,0x11,0x8f,0x00,0x01,0x11,0xaa,0x8c,0xff,0x01,0xaa,0x11,0x86,0x00,0x00,0x55,0x98,0xff,0x00,0xcc,
    0x85,0x00,0x01,0x11,0xdd,0xc8,0xff,0x02,0x55,0x00,0x11,0xc4,0x00,0x01,0x44,0xee,0x88,0xff,0x01,0xee,
    0x44,0xcd,0x00,0x00,0x66,0xb6,0xff,0x01,0xee,0x22,0x94,0x00,0x00,0x55,0x86,0xff,0x01,0xcc,0x33,0x90,
    0x00,0x00,0x99,0x8c,0xff,0x01,0xdd,0x11,0x86,0x00,0x01,0x33,0xdd,0x98,0xff,0x00,0xbb,0x85,0x00,0x01,
    0x11,0xdd,0xc8,0xff,0x02,0xcc,0x22,0x11,0xc5,0x00,0x00,0x99,0x89,0xff,0x01,0xbb,0x11,0xcc,0x00,0x01,
    0x11,0xdd,0xb5,0xff,0x01,0xee,0x22,0x94,0x00,0x00,0x55,0x87,0xff,0x01,0xcc,0x33,0x8a,0x00,0x05,0x11,
    0x00,0x00,0x11,0x88,0xee,0x8c,0xff,0x00,0x66,0x86,0x00,0x01,0x11,0xaa,0x99,0xff,0x00,0xbb,0x85,0x00,
    0x01,0x22,0xdd,0xc9,0xff,0x01,0xaa,0x11,0xc5,0x00,0x01,0x11,0xee,0x89,0xff,0x00,0x77,0xcd,0x00,0x01,
    0x55,0xee,0xb4,0xff,0x01,0xdd,0x22,0x94,0x00,0x00,0x55,0x88,0xff,0x02,0xee,0x88,0x22,0x8a,0x00,0x01,
    0x44,0xbb,0x8d,0xff,0x00,0x88,0x87,0x00,0x00,0x66,0x9a,0xff,0x00,0xbb,0x85,0x00,0x01,0x11,0xdd,0xc9,
    0xff,0x01,0xee,0x44,0xc6,0x00,0x00,0x88,0x89,0xff,0x01,0xdd,0x22,0xcd,0x00,0x00,0x88,0xb4,0xff,0x01,
    0xee,0x55,0x82,0x44,0x82,0x55,0x89,0x44,0x83,0x55,0x01,0x44,0x99,0x8a,0xff,0x04,0xee,0x77,0x44,0x22,
    0x11,0x83,0x00,0x03,0x11,0x55,0xaa,0xee,0x8d,0xff,0x01,0xee,0x77,0x85,0x55,0x02,0x44,0x55,0xdd,0x9a,
    0xff,0x01,0xdd,0x66,0x82,0x55,0x03,0x44,0x44,0x66,0xee,0xca,0xff,0x01,0xbb,0x11,0xc5,0x00,0x01,0x11,
    0xbb,0x89,0xff,0x00,0x99,0xcd,0x00,0x01,0x11,0xdd,0xd9,0xff,0x06,0xdd,0xcc,0xaa,0x99,0x99,0xbb,0xdd,
    0xff,0xff,0x8b,0xff,0x00,0x77,0xc6,0x00,0x00,0x44,0x89,0xff,0x01,0xee,0x33,0xcd,0x00,0x00,0x66,0xff,
    0xff,0xec,0xff,0x01,0xee,0x33,0xc6,0x00,0x00,0x99,0x89,0xff,0x01,0xbb,0x11,0xcc,0x00,0x01,0x11,0xbb,
    0xff,0xff,0xec,0xff,0x00,0xbb,0xc6,0x00,0x01,0x33,0xcc,0x89,0xff,0x00,0x88,0xcd,0x00,0x01,0x22,0xdd,
    0xff,0xff,0xec,0xff,0x00,0x66,0xc6,0x00,0x00,0x66,0x89,0xff,0x01,0xee,0x44,0xcd,0x00,0x00,0x55,0xff,
    0xff,0xec,0xff,0x01,0xdd,0x33,0xc5,0x00,0x01,0x22,0xbb,0x89,0xff,0x01,0xaa,0x11,0xcd,0x00,0x00,0xbb,
    0xff,0xff,0xec,0xff,0x00,0xaa,0xc6,0x00,0x01,0x33,0xdd,0x89,0xff,0x00,0x66,0xcd,0x00,0x01,0x44,0xee,
    0xff,0xff,0xec,0xff,0x00,0x55,0xc6,0x00,0x00,0x99,0x89,0xff,0x01,0xcc,0x11,0xcb,0x00,0x02,0x11,0x00,
    0x88,0xff,0xff,0xec,0xff,0x01,0xdd,0x33,0xc5,0x00,0x01,0x33,0xdd,0x89,0xff,0x00,0x88,0xcd,0x00,0x01,
    0x11,0xbb,0xff,0xff,0xec,0xff,0x01,0xaa,0x11,0xc5,0x00,0x00,0x55,0x89,0xff,0x01,0xee,0x44,0xcd,0x00,
    0x01,0x44,0xee,0xff,0xff,0xeb,0xff,0x01,0xee,0x55,0xc6,0x00,0x00,0x99,0x89,0xff,0x00,0xbb,0xce,0x00,
    0x00,0x99,0xff,0xff,0xec,0xff,0x01,0xcc,0x11,0xc5,0x00,0x01,0x22,0xdd,0x89,0xff,0x00,0x66,0xcd,0x00,
    0x01,0x33,0xdd,0xff,0xff,0xec,0xff,0x00,0x88,0xc6,0x00,0x00,0x77,0x89,0xff,0x01,0xdd,0x11,0xcd,0x00,
    0x01,0x55,0xee,0xff,0xff,0xeb,0xff,0x01,0xee,0x44,0xc5,0x00,0x01,0x11,0xcc,0x89,0xff,0x00,0x88,0xce,
    0x00,0x00,0xaa,0xff,0xff,0xec,0xff,0x03,0xcc,0x22,0x00,0x11,0xc3,0x00,0x01,0x44,0xee,0x88,0xff,0x01,
    0xee,0x44,0xcd,0x00,0x01,0x33,0xdd,0xff,0xff,0xec,0xff,0x00,0x77,0xc6,0x00,0x00,0x88,0x89,0xff,0x01,
    0xcc,0x11,0xcd,0x00,0x00,0x66,0xff,0xff,0xec,0xff,0x01,0xee,0x33,0xc4,0x00,0x02,0x11,0x33,0xcc,0x89,
    0xff,0x00,0x77,0xcd,0x00,0x01,0x11,0xaa,0xff,0xff,0xec,0xff,0x00,0xbb,0xc4,0x00,0x02,0x11,0x11,0x66,
    0x89,0xff,0x01,0xee,0x33,0xcd,0x00,0x01,0x44,0xee,0xff,0xff,0xec,0xff,0x00,0xbb,0xc6,0xaa,0x8a,0xff,
    0x00,0x99,0xce,0x00,0x00,0x88,0xff,0xff,0xff,0xff,0xbf,0xff,0x01,0xee,0x55,0xcd,0x00,0x01,0x11,0xdd,
    0xff,0xff,0xff,0xff,0xbf,0xff,0x01,0xcc,0x22,0xcd,0x00,0x01,0x55,0xee,0xff,0xff,0xff,0xff,0xbf,0xff,
    0x00,0x77,0xce,0x00,0x00,0x88,0xff,0xff,0xff,0xff,0xbf,0xff,0x01,0xdd,0x33,0xcd,0x00,0x01,0x22,0xdd,
    0xff,0xff,0xff,0xff,0xbf,0xff,0x03,0xaa,0x00,0x00,0x11,0xcb,0x00,0x01,0x55,0xee,0xff,0xff,0xff,0xff,
    0xbe,0xff,0x01,0xee,0x55,0xce,0x00,0x00,0x88,0xff,0xff,0xff,0xff,0xbf,0xff,0x01,0xdd,0x33,0xcb,0x00,
    0x03,0x11,0x00,0x22,0xdd,0xff,0xff,0xff,0xff,0xbf,0xff,0x00,0x88,0xce,0x00,0x00,0x77,0xff,0xff,0xff,
    0xff,0xb2,0xff,0x8c,0xee,0x00,0xaa,0xce,0x00,0x01,0x11,0x55,0xa1,0x77,0x00,0x66,0x98,0x77,0x00,0x88,
    0xa3,0x77,0x00,0x88,0x88,0x77,0x82,0x66,0xae,0x77,0xcf,0x66,0x84,0x55,0x88,0x66,0x01,0x55,0x55,0x87,
    0x66,0x89,0x55,0x8c,0x66,0x82,0x55,0x9b,0x44,0x83,0x33,0x01,0x22,0x00,
};
